,Unnamed: 0,unix_s,low,high,open,close,volume,UTC_datetime,Beijing_datetime
27,27,1620086400,3171.83,3525.0,3295.0,3242.5,6453.7981568,2021-05-04,2021-05-04 08:00:00
26,26,1620172800,3206.4,3545.37,3243.1,3524.34,4677.16808088,2021-05-05,2021-05-05 08:00:00
25,25,1620259200,3376.99,3606.11,3525.7,3490.42,9298.32677055,2021-05-06,2021-05-06 08:00:00
24,24,1620345600,3354.99,3588.0,3491.23,3483.09,6275.07536413,2021-05-07,2021-05-07 08:00:00
23,23,1620432000,3450.67,3955.8,3478.78,3909.9,11032.50005031,2021-05-08,2021-05-08 08:00:00
22,22,1620518400,3726.38,3983.97,3912.65,3921.53,9722.21731716,2021-05-09,2021-05-09 08:00:00
21,21,1620604800,3644.94,4205.87,3925.86,3945.94,17004.4629829,2021-05-10,2021-05-10 08:00:00
20,20,1620691200,3772.11,4179.58,3936.73,4171.51,10960.30580625,2021-05-11,2021-05-11 08:00:00
19,19,1620777600,3748.8,4374.28,4173.1,3829.13,18991.10907145,2021-05-12,2021-05-12 08:00:00
18,18,1620864000,3500.0,4036.07,3819.7,3718.58,30840.17680943,2021-05-13,2021-05-13 08:00:00
17,17,1620950400,3692.62,4173.09,3717.15,4073.71,13504.08745794,2021-05-14,2021-05-14 08:00:00
16,16,1621036800,3632.91,4131.59,4072.22,3639.2,12080.49566232,2021-05-15,2021-05-15 08:00:00
15,15,1621123200,3328.81,3878.34,3646.18,3582.43,15419.99183877,2021-05-16,2021-05-16 08:00:00
14,14,1621209600,3118.02,3584.88,3580.35,3281.34,25438.19859529,2021-05-17,2021-05-17 08:00:00
13,13,1621296000,3240.5,3563.57,3284.19,3374.43,13731.017598,2021-05-18,2021-05-18 08:00:00
12,12,1621382400,1834.68,3439.15,3375.12,2439.25,62671.17148269,2021-05-19,2021-05-19 08:00:00
11,11,1621468800,2154.31,3001.99,2440.76,2767.19,56969.23284748,2021-05-20,2021-05-20 08:00:00
10,10,1621555200,2100.0,2935.74,2764.33,2429.85,47843.73086331,2021-05-21,2021-05-21 08:00:00
9,9,1621641600,2153.82,2484.89,2431.63,2294.01,28398.51367034,2021-05-22,2021-05-22 08:00:00
8,8,1621728000,1729.06,2380.08,2290.29,2093.52,41055.59574839,2021-05-23,2021-05-23 08:00:00
7,7,1621814400,2081.39,2680.17,2096.39,2647.27,53211.42331828,2021-05-24,2021-05-24 08:00:00
6,6,1621900800,2381.01,2750.01,2647.23,2705.64,50002.88118828,2021-05-25,2021-05-25 08:00:00
5,5,1621987200,2643.6,2910.85,2708.63,2884.28,35345.74236421,2021-05-26,2021-05-26 08:00:00
4,4,1622073600,2635.44,2889.0,2885.26,2738.81,22107.35212097,2021-05-27,2021-05-27 08:00:00
3,3,1622160000,2320.75,2761.53,2741.3,2410.0,57845.42504676,2021-05-28,2021-05-28 08:00:00
2,2,1622246400,2206.25,2572.96,2409.64,2279.81,70666.20883396,2021-05-29,2021-05-29 08:00:00
1,1,1622332800,2179.38,2476.49,2276.63,2382.78,25504.56197759,2021-05-30,2021-05-30 08:00:00
0,0,1622419200,2272.85,2720.93,2377.97,2705.49,24053.99116645,2021-05-31,2021-05-31 08:00:00
213,213,1622505600,2508.93,2740.18,2705.49,2635.26,16347.00033003,2021-06-01,2021-06-01 08:00:00
212,212,1622592000,2551.38,2803.1,2636.36,2703.2,7452.36615647,2021-06-02,2021-06-02 08:00:00
211,211,1622678400,2663.19,2890.94,2700.23,2857.21,6846.47158137,2021-06-03,2021-06-03 08:00:00
210,210,1622764800,2551.83,2859.36,2858.91,2689.86,11125.7678599,2021-06-04,2021-06-04 08:00:00
209,209,1622851200,2535.37,2816.14,2691.74,2629.19,10363.88994632,2021-06-05,2021-06-05 08:00:00
208,208,1622937600,2613.98,2742.73,2629.74,2717.4,4354.68776633,2021-06-06,2021-06-06 08:00:00
207,207,1623024000,2565.83,2847.32,2717.32,2594.32,8401.82980038,2021-06-07,2021-06-07 08:00:00
206,206,1623110400,2300.0,2620.35,2590.84,2503.49,29319.1011147,2021-06-08,2021-06-08 08:00:00
205,205,1623196800,2405.9,2625.97,2502.82,2611.91,19413.17273116,2021-06-09,2021-06-09 08:00:00
204,204,1623283200,2426.61,2623.21,2610.95,2469.03,7834.89033088,2021-06-10,2021-06-10 08:00:00
203,203,1623369600,2322.12,2497.06,2467.32,2353.09,5864.22812734,2021-06-11,2021-06-11 08:00:00
202,202,1623456000,2258.53,2452.15,2355.0,2370.0,8023.86255878,2021-06-12,2021-06-12 08:00:00
201,201,1623542400,2308.06,2548.22,2370.0,2511.18,8273.6180441,2021-06-13,2021-06-13 08:00:00
200,200,1623628800,2461.83,2608.4,2515.27,2581.02,6849.71084824,2021-06-14,2021-06-14 08:00:00
199,199,1623715200,2509.41,2639.53,2580.87,2542.17,4402.59917981,2021-06-15,2021-06-15 08:00:00
198,198,1623801600,2351.06,2555.3,2537.1,2364.37,5763.37019296,2021-06-16,2021-06-16 08:00:00
197,197,1623888000,2307.0,2460.68,2365.48,2370.49,3858.38508653,2021-06-17,2021-06-17 08:00:00
196,196,1623974400,2139.06,2376.63,2369.64,2232.37,7035.90974508,2021-06-18,2021-06-18 08:00:00
195,195,1624060800,2161.64,2277.84,2231.42,2164.73,4320.45809833,2021-06-19,2021-06-19 08:00:00
194,194,1624147200,2042.06,2276.86,2165.08,2245.46,9565.52089507,2021-06-20,2021-06-20 08:00:00
193,193,1624233600,1866.24,2260.17,2246.25,1886.43,34660.66903529,2021-06-21,2021-06-21 08:00:00
192,192,1624320000,1700.72,1994.28,1887.23,1879.37,36657.41485302,2021-06-22,2021-06-22 08:00:00
191,191,1624406400,1822.31,2044.65,1877.52,1969.07,10946.49344549,2021-06-23,2021-06-23 08:00:00
190,190,1624492800,1886.35,2035.43,1968.71,1994.03,3727.66832308,2021-06-24,2021-06-24 08:00:00
189,189,1624579200,1792.5,2019.66,1991.28,1810.38,9046.88599619,2021-06-25,2021-06-25 08:00:00
188,188,1624665600,1717.62,1852.56,1808.55,1829.71,5916.49138399,2021-06-26,2021-06-26 08:00:00
187,187,1624752000,1807.77,1986.56,1830.7,1986.56,4668.70890617,2021-06-27,2021-06-27 08:00:00
186,186,1624838400,1961.36,2144.49,1986.18,2083.78,7976.52873661,2021-06-28,2021-06-28 08:00:00
185,185,1624924800,2074.19,2244.42,2084.28,2164.8,5830.74464882,2021-06-29,2021-06-29 08:00:00
184,184,1625011200,2088.82,2288.04,2164.24,2274.82,8142.07633653,2021-06-30,2021-06-30 08:00:00
183,183,1625097600,2074.77,2274.15,2274.15,2109.78,5191.88194786,2021-07-01,2021-07-01 08:00:00
182,182,1625184000,2018.6,2158.62,2105.08,2155.56,4258.31585705,2021-07-02,2021-07-02 08:00:00
181,181,1625270400,2113.66,2239.7,2159.41,2226.3,2410.67028861,2021-07-03,2021-07-03 08:00:00
180,180,1625356800,2189.75,2389.13,2224.81,2322.12,2845.37733359,2021-07-04,2021-07-04 08:00:00
179,179,1625443200,2158.78,2322.6,2318.24,2198.15,5066.4964514,2021-07-05,2021-07-05 08:00:00
178,178,1625529600,2193.9,2348.63,2198.11,2319.28,6340.23396496,2021-07-06,2021-07-06 08:00:00
177,177,1625616000,2293.69,2408.75,2319.47,2316.5,3921.5335456,2021-07-07,2021-07-07 08:00:00
176,176,1625702400,2085.72,2325.39,2314.49,2115.13,7055.91450023,2021-07-08,2021-07-08 08:00:00
175,175,1625788800,2049.0,2188.04,2115.03,2147.79,5701.02706549,2021-07-09,2021-07-09 08:00:00
174,174,1625875200,2075.0,2192.17,2146.78,2114.16,2891.12177733,2021-07-10,2021-07-10 08:00:00
173,173,1625961600,2082.01,2173.27,2115.4,2140.87,1748.10397001,2021-07-11,2021-07-11 08:00:00
172,172,1626048000,2007.73,2168.14,2139.37,2031.67,3156.32055943,2021-07-12,2021-07-12 08:00:00
171,171,1626134400,1917.53,2046.1,2031.55,1941.61,4106.69493171,2021-07-13,2021-07-13 08:00:00
170,170,1626220800,1865.3,2019.69,1941.79,1993.18,4735.73173708,2021-07-14,2021-07-14 08:00:00
169,169,1626307200,1881.85,2040.0,1996.5,1918.13,3741.35136037,2021-07-15,2021-07-15 08:00:00
168,168,1626393600,1850.0,1964.95,1920.75,1875.75,2938.37860453,2021-07-16,2021-07-16 08:00:00
167,167,1626480000,1845.69,1918.95,1875.85,1901.36,2554.38090912,2021-07-17,2021-07-17 08:00:00
166,166,1626566400,1879.08,1993.27,1901.47,1890.63,3609.9368429,2021-07-18,2021-07-18 08:00:00
165,165,1626652800,1805.0,1918.01,1891.27,1818.06,3697.79617345,2021-07-19,2021-07-19 08:00:00
164,164,1626739200,1719.72,1840.58,1816.55,1786.39,6393.0929377,2021-07-20,2021-07-20 08:00:00
163,163,1626825600,1754.57,2031.81,1787.35,1995.99,8528.4495963,2021-07-21,2021-07-21 08:00:00
162,162,1626912000,1947.23,2045.85,1995.51,2026.56,5365.41927813,2021-07-22,2021-07-22 08:00:00
161,161,1626998400,1995.75,2130.41,2025.43,2126.6,3716.01053578,2021-07-23,2021-07-23 08:00:00
160,160,1627084800,2106.84,2198.34,2129.9,2184.7,3640.68216225,2021-07-24,2021-07-24 08:00:00
159,159,1627171200,2107.6,2196.26,2185.44,2189.34,3059.99294475,2021-07-25,2021-07-25 08:00:00
158,158,1627257600,2171.96,2432.16,2190.7,2229.2,14384.54197435,2021-07-26,2021-07-26 08:00:00
157,157,1627344000,2150.41,2319.34,2226.64,2302.76,7974.60335417,2021-07-27,2021-07-27 08:00:00
156,156,1627430400,2244.02,2344.59,2298.66,2300.15,6012.71056367,2021-07-28,2021-07-28 08:00:00
155,155,1627516800,2267.24,2402.39,2300.69,2387.04,3672.60214887,2021-07-29,2021-07-29 08:00:00
154,154,1627603200,2317.34,2471.12,2388.55,2462.92,4867.35802735,2021-07-30,2021-07-30 08:00:00
153,153,1627689600,2421.65,2553.41,2463.06,2529.69,2889.54239059,2021-07-31,2021-07-31 08:00:00
152,152,1627776000,2512.63,2697.8,2534.19,2555.23,4514.61402285,2021-08-01,2021-08-01 08:00:00
151,151,1627862400,2506.75,2665.79,2554.66,2605.29,5130.71439052,2021-08-02,2021-08-02 08:00:00
150,150,1627948800,2442.11,2630.77,2602.3,2508.55,5249.96091818,2021-08-03,2021-08-03 08:00:00
149,149,1628035200,2457.86,2770.06,2508.5,2726.71,7120.2993699,2021-08-04,2021-08-04 08:00:00
148,148,1628121600,2532.67,2843.59,2727.62,2827.68,10686.53188216,2021-08-05,2021-08-05 08:00:00
147,147,1628208000,2721.3,2947.33,2829.15,2891.53,6639.18631727,2021-08-06,2021-08-06 08:00:00
146,146,1628294400,2864.97,3171.35,2891.42,3158.4,11986.40026829,2021-08-07,2021-08-07 08:00:00
145,145,1628380800,2948.52,3189.55,3158.47,3012.95,8007.63819302,2021-08-08,2021-08-08 08:00:00
144,144,1628467200,2892.85,3186.48,3012.21,3163.49,9561.30538307,2021-08-09,2021-08-09 08:00:00
143,143,1628553600,3051.12,3232.0,3160.89,3142.37,8140.0316498,2021-08-10,2021-08-10 08:00:00
142,142,1628640000,3121.37,3274.01,3141.6,3160.49,5772.01983892,2021-08-11,2021-08-11 08:00:00
141,141,1628726400,2980.65,3238.82,3157.06,3046.85,26503.18233364,2021-08-12,2021-08-12 08:00:00
140,140,1628812800,3033.85,3328.51,3048.2,3322.43,6245.35730482,2021-08-13,2021-08-13 08:00:00
139,139,1628899200,3204.81,3333.62,3327.65,3263.87,4765.70876342,2021-08-14,2021-08-14 08:00:00
138,138,1628985600,3111.12,3320.92,3263.52,3309.3,7845.81747804,2021-08-15,2021-08-15 08:00:00
137,137,1629072000,3133.51,3335.73,3311.13,3145.39,7412.8632269,2021-08-16,2021-08-16 08:00:00
136,136,1629158400,2992.94,3291.18,3143.93,3012.27,12886.90822683,2021-08-17,2021-08-17 08:00:00
135,135,1629244800,2949.69,3125.3,3013.96,3012.37,7643.7030301,2021-08-18,2021-08-18 08:00:00
134,134,1629331200,2959.34,3188.42,3014.75,3185.35,6138.9052687,2021-08-19,2021-08-19 08:00:00
133,133,1629417600,3179.13,3300.0,3185.74,3287.03,8019.33684662,2021-08-20,2021-08-20 08:00:00
132,132,1629504000,3206.68,3310.96,3282.14,3223.52,3496.32809434,2021-08-21,2021-08-21 08:00:00
131,131,1629590400,3126.08,3272.49,3223.44,3239.22,3481.69424826,2021-08-22,2021-08-22 08:00:00
130,130,1629676800,3231.85,3378.61,3239.23,3323.09,5621.96834289,2021-08-23,2021-08-23 08:00:00
129,129,1629763200,3151.4,3356.76,3320.7,3169.8,7442.77659687,2021-08-24,2021-08-24 08:00:00
128,128,1629849600,3077.58,3248.71,3172.49,3229.39,5273.06258001,2021-08-25,2021-08-25 08:00:00
127,127,1629936000,3054.72,3250.66,3227.05,3092.28,5775.59387579,2021-08-26,2021-08-26 08:00:00
126,126,1630022400,3060.93,3281.16,3093.77,3274.36,6404.73492307,2021-08-27,2021-08-27 08:00:00
125,125,1630108800,3210.91,3284.92,3274.85,3243.94,2572.41890033,2021-08-28,2021-08-28 08:00:00
124,124,1630195200,3151.85,3286.36,3246.26,3223.08,3885.33910386,2021-08-29,2021-08-29 08:00:00
123,123,1630281600,3143.18,3347.44,3222.34,3228.25,9062.71240571,2021-08-30,2021-08-30 08:00:00
122,122,1630368000,3189.11,3473.18,3227.89,3429.43,16427.29896213,2021-08-31,2021-08-31 08:00:00
121,121,1630454400,3382.25,3841.93,3429.35,3826.54,17265.26012246,2021-09-01,2021-09-01 08:00:00
120,120,1630540800,3722.52,3837.21,3825.26,3786.08,14234.68196636,2021-09-02,2021-09-02 08:00:00
119,119,1630627200,3709.07,4027.16,3786.99,3936.83,12974.8385556,2021-09-03,2021-09-03 08:00:00
118,118,1630713600,3832.36,3977.78,3937.96,3885.7,8849.78334211,2021-09-04,2021-09-04 08:00:00
117,117,1630800000,3833.33,3981.74,3888.84,3949.61,7555.41480608,2021-09-05,2021-09-05 08:00:00
116,116,1630886400,3867.06,3970.93,3949.22,3925.7,7170.1382553,2021-09-06,2021-09-06 08:00:00
115,115,1630972800,3003.9,3945.78,3925.84,3433.85,40489.50444485,2021-09-07,2021-09-07 08:00:00
114,114,1631059200,3216.89,3559.64,3434.56,3499.2,25059.38838027,2021-09-08,2021-09-08 08:00:00
113,113,1631145600,3392.48,3567.64,3499.35,3424.49,13320.12071191,2021-09-09,2021-09-09 08:00:00
112,112,1631232000,3146.63,3514.04,3422.85,3210.02,11985.57717129,2021-09-10,2021-09-10 08:00:00
111,111,1631318400,3200.0,3348.24,3208.75,3266.93,9560.04429591,2021-09-11,2021-09-11 08:00:00
110,110,1631404800,3231.43,3472.32,3266.38,3404.74,9943.10115108,2021-09-12,2021-09-12 08:00:00
109,109,1631491200,3112.71,3429.65,3403.7,3286.79,17133.14452752,2021-09-13,2021-09-13 08:00:00
108,108,1631577600,3269.81,3436.04,3286.96,3434.71,7722.11091294,2021-09-14,2021-09-14 08:00:00
107,107,1631664000,3357.77,3616.64,3434.79,3615.48,7290.85664231,2021-09-15,2021-09-15 08:00:00
106,106,1631750400,3482.81,3674.82,3616.99,3568.9,8011.41827717,2021-09-16,2021-09-16 08:00:00
105,105,1631836800,3349.21,3593.71,3570.26,3399.6,7486.26036137,2021-09-17,2021-09-17 08:00:00
104,104,1631923200,3369.86,3542.05,3399.24,3435.28,8077.17909502,2021-09-18,2021-09-18 08:00:00
103,103,1632009600,3279.42,3455.92,3435.98,3329.26,8087.02065278,2021-09-19,2021-09-19 08:00:00
102,102,1632096000,2911.99,3345.88,3328.57,2977.52,26301.94705945,2021-09-20,2021-09-20 08:00:00
101,101,1632182400,2652.39,3106.53,2976.84,2765.32,45211.6413616,2021-09-21,2021-09-21 08:00:00
100,100,1632268800,2738.1,3089.63,2765.49,3077.69,27545.83170795,2021-09-22,2021-09-22 08:00:00
99,99,1632355200,3034.55,3173.37,3077.48,3152.46,11958.62694829,2021-09-23,2021-09-23 08:00:00
98,98,1632441600,2733.46,3158.14,3150.58,2926.02,18714.99121676,2021-09-24,2021-09-24 08:00:00
97,97,1632528000,2802.09,2967.08,2928.07,2922.87,10699.18143329,2021-09-25,2021-09-25 08:00:00
96,96,1632614400,2739.49,3115.82,2922.38,3059.84,12942.83069963,2021-09-26,2021-09-26 08:00:00
95,95,1632700800,2923.38,3164.89,3059.18,2925.8,12598.09314394,2021-09-27,2021-09-27 08:00:00
94,94,1632787200,2788.62,2969.81,2924.1,2805.4,13073.47544905,2021-09-28,2021-09-28 08:00:00
93,93,1632873600,2781.67,2949.5,2804.49,2850.3,7527.7516137,2021-09-29,2021-09-29 08:00:00
92,92,1632960000,2837.23,3048.21,2849.55,2999.84,9379.08626243,2021-09-30,2021-09-30 08:00:00
91,91,1633046400,2968.89,3330.7,2999.84,3308.73,11431.8428567,2021-10-01,2021-10-01 08:00:00
90,90,1633132800,3257.82,3468.01,3310.13,3389.22,6245.17569422,2021-10-02,2021-10-02 08:00:00
89,89,1633219200,3342.45,3487.17,3387.5,3415.83,4559.7377525,2021-10-03,2021-10-03 08:00:00
88,88,1633305600,3271.64,3436.49,3414.2,3382.69,7831.94924992,2021-10-04,2021-10-04 08:00:00
87,87,1633392000,3364.64,3545.18,3385.6,3514.56,4975.09383617,2021-10-05,2021-10-05 08:00:00
86,86,1633478400,3341.8,3630.38,3515.89,3573.7,8797.31942508,2021-10-06,2021-10-06 08:00:00
85,85,1633564800,3470.48,3655.06,3574.56,3587.06,7522.49025432,2021-10-07,2021-10-07 08:00:00
84,84,1633651200,3533.06,3670.89,3586.24,3563.57,7150.68631576,2021-10-08,2021-10-08 08:00:00
83,83,1633737600,3538.9,3635.5,3564.29,3571.83,2179.83007235,2021-10-09,2021-10-09 08:00:00
82,82,1633824000,3404.87,3604.57,3572.9,3414.37,4494.56421251,2021-10-10,2021-10-10 08:00:00
81,81,1633910400,3370.34,3622.7,3411.46,3541.14,6355.71009705,2021-10-11,2021-10-11 08:00:00
80,80,1633996800,3403.83,3548.19,3539.29,3490.98,5109.61191755,2021-10-12,2021-10-12 08:00:00
79,79,1634083200,3412.3,3613.31,3491.15,3609.67,4974.33952376,2021-10-13,2021-10-13 08:00:00
78,78,1634169600,3587.59,3825.81,3610.0,3791.43,5915.07348023,2021-10-14,2021-10-14 08:00:00
77,77,1634256000,3734.29,3907.21,3791.51,3870.49,7393.10210346,2021-10-15,2021-10-15 08:00:00
76,76,1634342400,3803.37,3971.61,3871.51,3828.65,5093.78826787,2021-10-16,2021-10-16 08:00:00
75,75,1634428800,3644.09,3919.76,3828.64,3846.28,5642.48308386,2021-10-17,2021-10-17 08:00:00
74,74,1634515200,3675.51,3892.87,3848.0,3746.19,5834.38080348,2021-10-18,2021-10-18 08:00:00
73,73,1634601600,3732.39,3887.94,3745.89,3877.23,6338.98444924,2021-10-19,2021-10-19 08:00:00
72,72,1634688000,3828.44,4169.81,3878.77,4160.56,6550.57271607,2021-10-20,2021-10-20 08:00:00
71,71,1634774400,4013.18,4374.26,4162.11,4053.81,12705.07221443,2021-10-21,2021-10-21 08:00:00
70,70,1634860800,3886.26,4167.96,4056.62,3971.6,6018.10126839,2021-10-22,2021-10-22 08:00:00
69,69,1634947200,3938.62,4171.56,3974.81,4168.19,4953.09868786,2021-10-23,2021-10-23 08:00:00
68,68,1635033600,3962.15,4185.59,4168.44,4089.33,5637.37320355,2021-10-24,2021-10-24 08:00:00
67,67,1635120000,4068.92,4237.04,4088.49,4221.59,5262.47015949,2021-10-25,2021-10-25 08:00:00
66,66,1635206400,4089.73,4297.3,4221.59,4130.27,5285.34570023,2021-10-26,2021-10-26 08:00:00
65,65,1635292800,3910.0,4381.1,4129.61,3921.33,31003.32092373,2021-10-27,2021-10-27 08:00:00
64,64,1635379200,3888.37,4295.34,3921.18,4288.47,10184.06154843,2021-10-28,2021-10-28 08:00:00
63,63,1635465600,4267.82,4460.99,4287.52,4418.52,7904.84519713,2021-10-29,2021-10-29 08:00:00
62,62,1635552000,4235.15,4434.62,4419.67,4322.83,4839.77607809,2021-10-30,2021-10-30 08:00:00
61,61,1635638400,4164.93,4393.92,4324.42,4289.39,4573.22720196,2021-10-31,2021-10-31 08:00:00
60,60,1635724800,4146.18,4381.63,4288.96,4319.99,5856.64164797,2021-11-01,2021-11-01 08:00:00
59,59,1635811200,4284.92,4600.0,4319.43,4590.5,6362.08924035,2021-11-02,2021-11-02 08:00:00
58,58,1635897600,4454.6,4666.2,4589.6,4602.03,5833.99424799,2021-11-03,2021-11-03 08:00:00
57,57,1635984000,4418.67,4606.76,4602.73,4533.1,4869.69037873,2021-11-04,2021-11-04 08:00:00
56,56,1636070400,4440.46,4575.02,4533.21,4475.0,3687.11558931,2021-11-05,2021-11-05 08:00:00
55,55,1636156800,4326.68,4531.09,4472.24,4518.26,3251.52768938,2021-11-06,2021-11-06 08:00:00
54,54,1636243200,4502.83,4636.35,4518.71,4615.04,2596.50605262,2021-11-07,2021-11-07 08:00:00
53,53,1636329600,4613.62,4824.36,4616.18,4807.32,3954.16089724,2021-11-08,2021-11-08 08:00:00
52,52,1636416000,4714.05,4838.21,4807.32,4731.07,3781.19884295,2021-11-09,2021-11-09 08:00:00
51,51,1636502400,4462.91,4868.89,4733.01,4633.7,7375.74995889,2021-11-10,2021-11-10 08:00:00
50,50,1636588800,4576.06,4780.29,4627.02,4720.28,3420.32944548,2021-11-11,2021-11-11 08:00:00
49,49,1636675200,4509.15,4807.61,4718.01,4667.65,4945.34309972,2021-11-12,2021-11-12 08:00:00
48,48,1636761600,4584.16,4706.78,4669.02,4645.32,2734.13152645,2021-11-13,2021-11-13 08:00:00
47,47,1636848000,4425.74,4695.88,4643.28,4625.24,3558.50608983,2021-11-14,2021-11-14 08:00:00
46,46,1636934400,4541.47,4769.58,4627.79,4564.23,3569.74805334,2021-11-15,2021-11-15 08:00:00
45,45,1637020800,4101.01,4562.35,4562.35,4209.57,11451.24233783,2021-11-16,2021-11-16 08:00:00
44,44,1637107200,4063.4,4297.63,4206.64,4288.78,6076.09562019,2021-11-17,2021-11-17 08:00:00
43,43,1637193600,3956.14,4343.41,4288.77,3997.42,8140.3419242,2021-11-18,2021-11-18 08:00:00
42,42,1637280000,3974.55,4310.51,3997.31,4295.37,6773.55558759,2021-11-19,2021-11-19 08:00:00
41,41,1637366400,4203.14,4436.61,4294.8,4412.8,3099.38821881,2021-11-20,2021-11-20 08:00:00
40,40,1637452800,4242.94,4429.44,4413.96,4258.81,3055.97395539,2021-11-21,2021-11-21 08:00:00
39,39,1637539200,4023.74,4320.87,4259.05,4085.73,5127.46410189,2021-11-22,2021-11-22 08:00:00
38,38,1637625600,4061.08,4385.67,4085.73,4339.79,7135.38728229,2021-11-23,2021-11-23 08:00:00
37,37,1637712000,4167.39,4346.33,4340.82,4271.81,4808.34279012,2021-11-24,2021-11-24 08:00:00
36,36,1637798400,4242.81,4638.36,4273.42,4524.85,6150.31604339,2021-11-25,2021-11-25 08:00:00
35,35,1637884800,3914.14,4550.37,4527.78,4041.15,12303.74418146,2021-11-26,2021-11-26 08:00:00
34,34,1637971200,4028.95,4183.67,4040.09,4095.61,5003.66351274,2021-11-27,2021-11-27 08:00:00
33,33,1638057600,3963.24,4299.33,4093.92,4297.32,5662.42627349,2021-11-28,2021-11-28 08:00:00
32,32,1638144000,4278.31,4459.55,4297.25,4444.16,8072.35252088,2021-11-29,2021-11-29 08:00:00
31,31,1638230400,4347.21,4755.25,4443.51,4628.48,11513.02998394,2021-11-30,2021-11-30 08:00:00
30,30,1638316800,4525.51,4779.6,4632.41,4583.11,8453.24772209,2021-12-01,2021-12-01 08:00:00
29,29,1638403200,4432.39,4633.91,4584.88,4512.12,6427.10152485,2021-12-02,2021-12-02 08:00:00
28,28,1638489600,4035.0,4656.74,4509.05,4218.27,9828.93839875,2021-12-03,2021-12-03 08:00:00
27,27,1638576000,3494.23,4238.99,4214.25,4119.62,19425.70301888,2021-12-04,2021-12-04 08:00:00
26,26,1638662400,4032.6,4248.78,4117.72,4196.61,10434.48867369,2021-12-05,2021-12-05 08:00:00
25,25,1638748800,3920.44,4375.52,4198.91,4350.0,12800.950415,2021-12-06,2021-12-06 08:00:00
24,24,1638835200,4256.67,4425.32,4349.08,4307.3,5830.27066728,2021-12-07,2021-12-07 08:00:00
23,23,1638921600,4224.52,4452.43,4307.18,4437.62,5973.52721744,2021-12-08,2021-12-08 08:00:00
22,22,1639008000,4074.7,4487.56,4438.24,4105.29,7960.68306863,2021-12-09,2021-12-09 08:00:00
21,21,1639094400,3887.85,4230.49,4103.12,3897.57,8798.35561081,2021-12-10,2021-12-10 08:00:00
20,20,1639180800,3833.25,4096.32,3898.24,4090.06,6746.49006296,2021-12-11,2021-12-11 08:00:00
19,19,1639267200,3986.78,4174.83,4089.6,4128.96,3275.41078619,2021-12-12,2021-12-12 08:00:00
18,18,1639353600,3669.0,4141.95,4128.96,3781.8,10472.31194976,2021-12-13,2021-12-13 08:00:00
17,17,1639440000,3685.42,3882.21,3783.63,3859.4,9135.84935855,2021-12-14,2021-12-14 08:00:00
16,16,1639526400,3644.0,4094.5,3859.47,4019.78,13654.20015832,2021-12-15,2021-12-15 08:00:00
15,15,1639612800,3951.64,4115.1,4025.41,3956.36,8407.11885966,2021-12-16,2021-12-16 08:00:00
14,14,1639699200,3695.83,3993.11,3958.16,3873.97,6644.7059558,2021-12-17,2021-12-17 08:00:00
13,13,1639785600,3767.29,3997.08,3873.57,3958.72,5081.24384343,2021-12-18,2021-12-18 08:00:00
12,12,1639872000,3884.62,4033.06,3958.84,3923.55,5491.00886611,2021-12-19,2021-12-19 08:00:00
11,11,1639958400,3753.93,3982.94,3923.77,3946.1,6179.56652,2021-12-20,2021-12-20 08:00:00
10,10,1640044800,3913.81,4061.73,3950.93,4014.31,5044.37480862,2021-12-21,2021-12-21 08:00:00
9,9,1640131200,3932.5,4075.26,4013.75,3978.72,3501.67648498,2021-12-22,2021-12-22 08:00:00
8,8,1640217600,3892.89,4154.22,3982.57,4112.96,6166.3989736,2021-12-23,2021-12-23 08:00:00
7,7,1640304000,4018.46,4135.4,4113.04,4046.23,3260.56568681,2021-12-24,2021-12-24 08:00:00
6,6,1640390400,4020.47,4137.69,4047.26,4094.91,2259.25419384,2021-12-25,2021-12-25 08:00:00
5,5,1640476800,4004.44,4105.47,4096.07,4061.18,1847.63671265,2021-12-26,2021-12-26 08:00:00
4,4,1640563200,4032.6,4126.81,4071.51,4037.23,2210.08476166,2021-12-27,2021-12-27 08:00:00
3,3,1640649600,3758.29,4036.94,4036.79,3792.7,4183.8232772,2021-12-28,2021-12-28 08:00:00
2,2,1640736000,3603.97,3827.18,3793.34,3629.72,3638.79005621,2021-12-29,2021-12-29 08:00:00
1,1,1640822400,3585.47,3769.98,3629.72,3709.07,3959.71080292,2021-12-30,2021-12-30 08:00:00
0,0,1640908800,3621.97,3814.33,3708.74,3677.38,5314.61348573,2021-12-31,2021-12-31 08:00:00
150,150,1640995200,3674.76,3775.99,3682.53,3766.72,2805.77689701,2022-01-01,2022-01-01 08:00:00
149,149,1641081600,3717.67,3857.15,3766.47,3827.39,3059.26609912,2022-01-02,2022-01-02 08:00:00
148,148,1641168000,3682.22,3851.83,3827.27,3764.03,4024.06150851,2022-01-03,2022-01-03 08:00:00
147,147,1641254400,3714.64,3893.37,3766.22,3784.25,5198.81292986,2022-01-04,2022-01-04 08:00:00
146,146,1641340800,3412.64,3848.01,3785.3,3538.61,8546.40578038,2022-01-05,2022-01-05 08:00:00
145,145,1641427200,3298.56,3550.16,3539.21,3406.74,9948.50266427,2022-01-06,2022-01-06 08:00:00
144,144,1641513600,3063.14,3415.16,3405.68,3202.05,15229.44354524,2022-01-07,2022-01-07 08:00:00
143,143,1641600000,2997.55,3247.37,3202.33,3081.0,9862.09800794,2022-01-08,2022-01-08 08:00:00
142,142,1641686400,3058.17,3211.12,3077.95,3151.69,7657.22949627,2022-01-09,2022-01-09 08:00:00
141,141,1641772800,2927.52,3181.14,3150.91,3084.46,12779.1305784,2022-01-10,2022-01-10 08:00:00
140,140,1641859200,3052.81,3264.67,3085.97,3238.89,8606.0538974,2022-01-11,2022-01-11 08:00:00
139,139,1641945600,3204.72,3412.39,3238.69,3372.31,8487.5012515,2022-01-12,2022-01-12 08:00:00
138,138,1642032000,3227.51,3410.72,3369.6,3239.88,5812.77232251,2022-01-13,2022-01-13 08:00:00
137,137,1642118400,3188.94,3342.4,3239.41,3308.58,4432.8083707,2022-01-14,2022-01-14 08:00:00
136,136,1642204800,3261.69,3372.63,3309.09,3326.18,2432.31022626,2022-01-15,2022-01-15 08:00:00
135,135,1642291200,3272.85,3392.23,3326.92,3347.63,2505.74149346,2022-01-16,2022-01-16 08:00:00
134,134,1642377600,3140.27,3356.79,3352.12,3209.59,4102.38547199,2022-01-17,2022-01-17 08:00:00
133,133,1642464000,3083.22,3243.46,3210.55,3164.69,5020.36067452,2022-01-18,2022-01-18 08:00:00
132,132,1642550400,3046.24,3175.68,3166.51,3084.09,6131.92624791,2022-01-19,2022-01-19 08:00:00
131,131,1642636800,2987.0,3271.85,3085.87,3001.47,5337.34075354,2022-01-20,2022-01-20 08:00:00
130,130,1642723200,2460.44,3033.89,2999.5,2568.88,23413.32028135,2022-01-21,2022-01-21 08:00:00
129,129,1642809600,2300.73,2625.54,2567.98,2413.15,23503.08152431,2022-01-22,2022-01-22 08:00:00
128,128,1642896000,2370.59,2550.13,2412.74,2541.52,13020.2852114,2022-01-23,2022-01-23 08:00:00
127,127,1642982400,2156.37,2540.45,2540.45,2440.03,25886.58893666,2022-01-24,2022-01-24 08:00:00
126,126,1643068800,2349.94,2506.85,2440.84,2457.15,13443.72902439,2022-01-25,2022-01-25 08:00:00
125,125,1643155200,2401.0,2725.48,2458.23,2461.36,17457.0774214,2022-01-26,2022-01-26 08:00:00
124,124,1643241600,2315.85,2520.54,2458.37,2424.44,14298.30213514,2022-01-27,2022-01-27 08:00:00
123,123,1643328000,2358.55,2557.01,2425.3,2546.18,11673.17407892,2022-01-28,2022-01-28 08:00:00
122,122,1643414400,2520.0,2637.2,2545.86,2602.22,9136.23527848,2022-01-29,2022-01-29 08:00:00
121,121,1643500800,2541.93,2640.63,2602.4,2606.63,7461.42401803,2022-01-30,2022-01-30 08:00:00
120,120,1643587200,2476.85,2707.42,2607.48,2686.97,10751.7536771,2022-01-31,2022-01-31 08:00:00
119,119,1643673600,2674.39,2815.41,2686.54,2789.98,8275.61659043,2022-02-01,2022-02-01 08:00:00
118,118,1643760000,2613.6,2811.45,2790.33,2679.53,9847.37498322,2022-02-02,2022-02-02 08:00:00
117,117,1643846400,2575.6,2724.47,2681.25,2697.86,7564.62610421,2022-02-03,2022-02-03 08:00:00
116,116,1643932800,2671.0,2995.72,2696.38,2995.62,14139.37991776,2022-02-04,2022-02-04 08:00:00
115,115,1644019200,2957.75,3062.83,2994.55,3013.24,9636.51003687,2022-02-05,2022-02-05 08:00:00
114,114,1644105600,2951.25,3073.95,3012.47,3054.81,3521.15045568,2022-02-06,2022-02-06 08:00:00
113,113,1644192000,2993.24,3186.79,3054.98,3138.91,9466.49754154,2022-02-07,2022-02-07 08:00:00
112,112,1644278400,3025.24,3232.44,3139.87,3115.02,9416.8140582,2022-02-08,2022-02-08 08:00:00
111,111,1644364800,3054.71,3270.66,3117.76,3246.18,7441.90605527,2022-02-09,2022-02-09 08:00:00
110,110,1644451200,3056.84,3282.78,3245.67,3071.77,11192.33627556,2022-02-10,2022-02-10 08:00:00
109,109,1644537600,2875.88,3138.77,3072.22,2926.96,9368.59591053,2022-02-11,2022-02-11 08:00:00
108,108,1644624000,2857.93,2985.51,2927.0,2917.0,5811.64580128,2022-02-12,2022-02-12 08:00:00
107,107,1644710400,2836.14,2954.01,2912.91,2874.51,6670.15499125,2022-02-13,2022-02-13 08:00:00
106,106,1644796800,2830.98,2965.0,2877.76,2929.68,9231.30723162,2022-02-14,2022-02-14 08:00:00
105,105,1644883200,2912.17,3196.05,2929.99,3182.83,10927.12697095,2022-02-15,2022-02-15 08:00:00
104,104,1644969600,3043.25,3186.89,3182.82,3123.36,7426.13401744,2022-02-16,2022-02-16 08:00:00
103,103,1645056000,2851.64,3160.21,3123.36,2891.75,14427.95965222,2022-02-17,2022-02-17 08:00:00
102,102,1645142400,2751.99,2944.07,2892.59,2776.65,9657.10741026,2022-02-18,2022-02-18 08:00:00
101,101,1645228800,2694.54,2830.0,2775.24,2764.51,4807.47698849,2022-02-19,2022-02-19 08:00:00
100,100,1645315200,2575.0,2763.36,2761.61,2621.85,11877.37654183,2022-02-20,2022-02-20 08:00:00
99,99,1645401600,2558.65,2758.86,2620.51,2569.21,13772.33700495,2022-02-21,2022-02-21 08:00:00
98,98,1645488000,2499.67,2666.27,2568.95,2640.0,10853.48565814,2022-02-22,2022-02-22 08:00:00
97,97,1645574400,2575.51,2753.11,2640.19,2578.97,9393.57447071,2022-02-23,2022-02-23 08:00:00
96,96,1645660800,2300.63,2737.41,2578.35,2601.6,21382.99237147,2022-02-24,2022-02-24 08:00:00
95,95,1645747200,2572.51,2835.67,2602.16,2768.24,10475.14469639,2022-02-25,2022-02-25 08:00:00
94,94,1645833600,2727.49,2879.79,2769.36,2780.95,6654.15437864,2022-02-26,2022-02-26 08:00:00
93,93,1645920000,2558.18,2834.65,2781.28,2616.57,9035.66421523,2022-02-27,2022-02-27 08:00:00
92,92,1646006400,2569.02,2950.0,2616.69,2922.41,13312.44015254,2022-02-28,2022-02-28 08:00:00
91,91,1646092800,2853.98,3037.98,2920.96,2978.05,9582.5513047,2022-03-01,2022-03-01 08:00:00
90,90,1646179200,2913.85,3067.45,2972.67,2944.0,7911.30598477,2022-03-02,2022-03-02 08:00:00
89,89,1646265600,2785.3,2970.8,2943.57,2833.95,6122.18383872,2022-03-03,2022-03-03 08:00:00
88,88,1646352000,2574.48,2835.75,2832.61,2622.5,9462.03612479,2022-03-04,2022-03-04 08:00:00
87,87,1646438400,2589.54,2685.21,2621.31,2662.94,6156.54401731,2022-03-05,2022-03-05 08:00:00
86,86,1646524800,2535.67,2676.21,2663.77,2549.13,7224.47815469,2022-03-06,2022-03-06 08:00:00
85,85,1646611200,2445.81,2648.34,2548.49,2492.4,11835.72246244,2022-03-07,2022-03-07 08:00:00
84,84,1646697600,2480.31,2624.22,2491.53,2575.37,11445.45032048,2022-03-08,2022-03-08 08:00:00
83,83,1646784000,2568.33,2773.92,2574.92,2727.02,11673.87664796,2022-03-09,2022-03-09 08:00:00
82,82,1646870400,2550.16,2733.09,2728.08,2603.69,9329.56818138,2022-03-10,2022-03-10 08:00:00
81,81,1646956800,2522.22,2677.04,2604.26,2557.23,9254.8152382,2022-03-11,2022-03-11 08:00:00
80,80,1647043200,2553.38,2615.76,2555.71,2566.5,3373.904113,2022-03-12,2022-03-12 08:00:00
79,79,1647129600,2492.62,2602.33,2566.52,2513.95,4458.03542217,2022-03-13,2022-03-13 08:00:00
78,78,1647216000,2499.01,2609.77,2513.03,2590.03,7576.84376221,2022-03-14,2022-03-14 08:00:00
77,77,1647302400,2507.56,2668.81,2590.1,2618.21,10620.419495,2022-03-15,2022-03-15 08:00:00
76,76,1647388800,2603.25,2789.1,2619.42,2774.5,12270.17866599,2022-03-16,2022-03-16 08:00:00
75,75,1647475200,2746.84,2837.17,2774.23,2811.97,8253.55814159,2022-03-17,2022-03-17 08:00:00
74,74,1647561600,2767.15,2984.17,2811.97,2937.6,11006.81076591,2022-03-18,2022-03-18 08:00:00
73,73,1647648000,2885.63,2987.28,2938.41,2950.72,5364.11012838,2022-03-19,2022-03-19 08:00:00
72,72,1647734400,2817.77,2964.58,2950.08,2862.11,6174.45919521,2022-03-20,2022-03-20 08:00:00
71,71,1647820800,2831.1,2960.78,2855.67,2889.51,8452.28342183,2022-03-21,2022-03-21 08:00:00
70,70,1647907200,2887.07,3053.41,2888.32,2968.74,10952.03622793,2022-03-22,2022-03-22 08:00:00
69,69,1647993600,2920.48,3045.3,2967.03,3036.74,9706.93039502,2022-03-23,2022-03-23 08:00:00
68,68,1648080000,3002.3,3128.93,3038.46,3110.83,13536.9759729,2022-03-24,2022-03-24 08:00:00
67,67,1648166400,3075.99,3193.41,3111.71,3102.71,9175.05219061,2022-03-25,2022-03-25 08:00:00
66,66,1648252800,3085.76,3152.77,3102.61,3147.07,2441.461112,2022-03-26,2022-03-26 08:00:00
65,65,1648339200,3126.01,3299.08,3145.81,3296.39,5320.2095796,2022-03-27,2022-03-27 08:00:00
64,64,1648425600,3275.45,3431.59,3294.78,3333.38,8677.69639766,2022-03-28,2022-03-28 08:00:00
63,63,1648512000,3331.06,3481.6,3332.69,3398.79,8181.45570164,2022-03-29,2022-03-29 08:00:00
62,62,1648598400,3332.58,3447.35,3398.39,3384.87,7206.16619005,2022-03-30,2022-03-30 08:00:00
61,61,1648684800,3261.69,3445.7,3385.07,3283.63,13836.6147443,2022-03-31,2022-03-31 08:00:00
60,60,1648771200,3210.54,3482.21,3284.88,3450.04,9973.81008721,2022-04-01,2022-04-01 08:00:00
59,59,1648857600,3432.21,3531.69,3449.85,3443.52,7273.01929753,2022-04-02,2022-04-02 08:00:00
58,58,1648944000,3412.45,3580.83,3444.9,3522.95,7896.31397593,2022-04-03,2022-04-03 08:00:00
57,57,1649030400,3407.44,3547.65,3520.67,3519.09,8387.95080327,2022-04-04,2022-04-04 08:00:00
56,56,1649116800,3394.11,3555.0,3518.92,3405.41,8702.35586506,2022-04-05,2022-04-05 08:00:00
55,55,1649203200,3161.89,3403.72,3403.05,3166.59,16536.86045764,2022-04-06,2022-04-06 08:00:00
54,54,1649289600,3143.14,3269.88,3165.64,3227.7,9465.49011763,2022-04-07,2022-04-07 08:00:00
53,53,1649376000,3173.58,3312.91,3227.44,3197.85,6424.59304243,2022-04-08,2022-04-08 08:00:00
52,52,1649462400,3181.43,3268.78,3200.03,3261.44,1760.3922096,2022-04-09,2022-04-09 08:00:00
51,51,1649548800,3191.92,3307.76,3260.45,3201.21,1995.12627747,2022-04-10,2022-04-10 08:00:00
50,50,1649635200,2948.93,3213.54,3201.8,2979.21,7024.80940067,2022-04-11,2022-04-11 08:00:00
49,49,1649721600,2950.61,3085.09,2984.56,3028.19,9194.41399862,2022-04-12,2022-04-12 08:00:00
48,48,1649808000,2997.78,3131.62,3030.9,3117.36,7251.79104747,2022-04-13,2022-04-13 08:00:00
47,47,1649894400,2976.04,3144.61,3116.3,3020.99,4576.34799444,2022-04-14,2022-04-14 08:00:00
46,46,1649980800,2994.11,3059.84,3020.0,3041.01,2590.73752949,2022-04-15,2022-04-15 08:00:00
45,45,1650067200,3010.4,3085.5,3041.55,3061.81,1684.44827139,2022-04-16,2022-04-16 08:00:00
44,44,1650153600,2982.9,3082.35,3060.82,2987.77,2862.31992456,2022-04-17,2022-04-17 08:00:00
43,43,1650240000,2883.25,3070.15,2987.3,3055.63,7817.67477087,2022-04-18,2022-04-18 08:00:00
42,42,1650326400,3030.0,3130.17,3055.0,3102.23,4869.89163013,2022-04-19,2022-04-19 08:00:00
41,41,1650412800,3036.33,3168.04,3100.67,3075.71,6832.74204452,2022-04-20,2022-04-20 08:00:00
40,40,1650499200,2941.78,3178.56,3077.06,2983.23,8510.42353165,2022-04-21,2022-04-21 08:00:00
39,39,1650585600,2933.47,3033.43,2984.48,2962.22,6116.02264165,2022-04-22,2022-04-22 08:00:00
38,38,1650672000,2916.34,2978.38,2962.22,2932.28,1847.6076913,2022-04-23,2022-04-23 08:00:00
37,37,1650758400,2911.99,2967.6,2931.62,2921.28,2469.04274552,2022-04-24,2022-04-24 08:00:00
36,36,1650844800,2797.37,3026.37,2919.9,3006.31,11066.4702049,2022-04-25,2022-04-25 08:00:00
35,35,1650931200,2766.7,3038.83,3007.16,2809.53,10082.59031693,2022-04-26,2022-04-26 08:00:00
34,34,1651017600,2795.35,2920.41,2809.97,2888.62,13284.16604975,2022-04-27,2022-04-27 08:00:00
33,33,1651104000,2853.91,2980.56,2885.32,2937.9,9824.045119,2022-04-28,2022-04-28 08:00:00
32,32,1651190400,2776.64,2946.44,2937.9,2817.13,12485.62623325,2022-04-29,2022-04-29 08:00:00
31,31,1651276800,2714.98,2841.96,2817.59,2726.92,5842.95866529,2022-04-30,2022-04-30 08:00:00
30,30,1651363200,2716.25,2849.63,2726.02,2824.5,4841.23986708,2022-05-01,2022-05-01 08:00:00
29,29,1651449600,2778.07,2883.33,2825.15,2855.99,7127.91525338,2022-05-02,2022-05-02 08:00:00
28,28,1651536000,2755.0,2861.97,2856.18,2781.4,6178.2921154,2022-05-03,2022-05-03 08:00:00
27,27,1651622400,2771.65,2968.2,2781.04,2940.49,7461.51923435,2022-05-04,2022-05-04 08:00:00
26,26,1651708800,2688.06,2954.33,2941.45,2748.51,9847.96336791,2022-05-05,2022-05-05 08:00:00
25,25,1651795200,2633.31,2757.99,2745.75,2692.61,10429.64254775,2022-05-06,2022-05-06 08:00:00
24,24,1651881600,2587.27,2704.39,2694.33,2634.93,2993.43339559,2022-05-07,2022-05-07 08:00:00
23,23,1651968000,2484.25,2640.6,2636.11,2522.25,5117.30554168,2022-05-08,2022-05-08 08:00:00
22,22,1652054400,2225.61,2530.58,2523.89,2229.11,15043.76084502,2022-05-09,2022-05-09 08:00:00
21,21,1652140800,2199.07,2456.72,2229.28,2342.6,16572.93941789,2022-05-10,2022-05-10 08:00:00
20,20,1652227200,2005.63,2454.01,2341.98,2086.2,28689.98899987,2022-05-11,2022-05-11 08:00:00
19,19,1652313600,1790.0,2195.16,2087.17,1960.11,23741.06791661,2022-05-12,2022-05-12 08:00:00
18,18,1652400000,1940.82,2147.07,1957.71,2009.56,9612.37350171,2022-05-13,2022-05-13 08:00:00
17,17,1652486400,1951.57,2069.56,2012.09,2056.92,6294.67981776,2022-05-14,2022-05-14 08:00:00
16,16,1652572800,2000.76,2164.73,2054.14,2145.35,5230.85482159,2022-05-15,2022-05-15 08:00:00
15,15,1652659200,1979.09,2143.52,2143.52,2022.93,6282.6913605,2022-05-16,2022-05-16 08:00:00
14,14,1652745600,2007.96,2122.68,2023.81,2091.11,4858.16512146,2022-05-17,2022-05-17 08:00:00
13,13,1652832000,1907.62,2110.77,2088.74,1914.69,3270.4361302,2022-05-18,2022-05-18 08:00:00
12,12,1652918400,1903.29,2040.06,1915.78,2019.21,3194.01962627,2022-05-19,2022-05-19 08:00:00
11,11,1653004800,1922.77,2063.76,2016.74,1961.13,2604.71214805,2022-05-20,2022-05-20 08:00:00
10,10,1653091200,1937.43,1990.46,1961.13,1974.96,1305.93364105,2022-05-21,2022-05-21 08:00:00
9,9,1653177600,1967.37,2056.07,1976.42,2043.6,1400.76155286,2022-05-22,2022-05-22 08:00:00
8,8,1653264000,1957.28,2089.0,2041.21,1973.21,2694.3414657,2022-05-23,2022-05-23 08:00:00
7,7,1653350400,1912.34,1993.44,1971.67,1979.87,2072.47412097,2022-05-24,2022-05-24 08:00:00
6,6,1653436800,1933.41,2022.04,1979.25,1943.04,5003.07716198,2022-05-25,2022-05-25 08:00:00
5,5,1653523200,1736.33,1964.22,1942.55,1796.79,10938.18845635,2022-05-26,2022-05-26 08:00:00
4,4,1653609600,1703.7,1822.1,1795.65,1728.8,12108.50353847,2022-05-27,2022-05-27 08:00:00
3,3,1653696000,1722.6,1808.75,1727.84,1793.1,2930.59612228,2022-05-28,2022-05-28 08:00:00
2,2,1653782400,1762.49,1826.87,1791.93,1812.43,1706.49470651,2022-05-29,2022-05-29 08:00:00
1,1,1653868800,1803.86,2013.24,1811.49,1999.44,5139.25883281,2022-05-30,2022-05-30 08:00:00
0,0,1653955200,1925.48,2016.63,1997.59,1941.85,4643.82909266,2022-05-31,2022-05-31 08:00:00
213,213,1654041600,1761.49,1972.88,1943.29,1817.89,5625.42897504,2022-06-01,2022-06-01 08:00:00
212,212,1654128000,1782.59,1852.57,1817.89,1834.59,6745.18237415,2022-06-02,2022-06-02 08:00:00
211,211,1654214400,1737.34,1843.42,1834.48,1777.09,4570.61066225,2022-06-03,2022-06-03 08:00:00
210,210,1654300800,1748.96,1815.57,1778.05,1807.36,899.65753035,2022-06-04,2022-06-04 08:00:00
209,209,1654387200,1774.02,1828.97,1809.12,1804.62,1155.42504563,2022-06-05,2022-06-05 08:00:00
208,208,1654473600,1804.18,1919.54,1805.74,1858.92,3806.13822047,2022-06-06,2022-06-06 08:00:00
207,207,1654560000,1725.52,1874.59,1858.61,1812.46,6886.59171728,2022-06-07,2022-06-07 08:00:00
206,206,1654646400,1765.71,1838.65,1812.62,1791.73,5438.23755382,2022-06-08,2022-06-08 08:00:00
205,205,1654732800,1777.64,1832.87,1792.06,1786.78,2409.28043638,2022-06-09,2022-06-09 08:00:00
204,204,1654819200,1656.33,1804.82,1787.04,1664.73,6947.93226066,2022-06-10,2022-06-10 08:00:00
203,203,1654905600,1500.38,1680.97,1662.6,1535.3,7309.92754926,2022-06-11,2022-06-11 08:00:00
202,202,1654992000,1424.1,1546.98,1533.39,1434.15,7219.89146395,2022-06-12,2022-06-12 08:00:00
201,201,1655078400,1165.08,1455.02,1433.05,1209.49,34431.36967894,2022-06-13,2022-06-13 08:00:00
200,200,1655164800,1076.43,1267.44,1208.52,1208.04,21713.59213126,2022-06-14,2022-06-14 08:00:00
199,199,1655251200,1014.2,1249.65,1208.73,1237.1,25671.36245452,2022-06-15,2022-06-15 08:00:00
198,198,1655337600,1052.26,1257.48,1237.53,1069.17,16466.47971092,2022-06-16,2022-06-16 08:00:00
197,197,1655424000,1050.97,1117.64,1067.89,1085.04,11181.15663601,2022-06-17,2022-06-17 08:00:00
196,196,1655510400,881.73,1097.57,1084.55,995.66,14623.63837265,2022-06-18,2022-06-18 08:00:00
195,195,1655596800,936.85,1158.2,996.0,1128.12,14360.66878985,2022-06-19,2022-06-19 08:00:00
194,194,1655683200,1052.82,1170.09,1128.56,1128.94,12915.74622272,2022-06-20,2022-06-20 08:00:00
193,193,1655769600,1109.25,1193.48,1127.2,1126.53,10699.05414213,2022-06-21,2022-06-21 08:00:00
192,192,1655856000,1044.25,1126.74,1126.05,1049.34,12465.04345402,2022-06-22,2022-06-22 08:00:00
191,191,1655942400,1045.41,1154.45,1049.75,1144.65,11063.20583119,2022-06-23,2022-06-23 08:00:00
190,190,1656028800,1131.99,1245.03,1144.59,1226.09,8859.16231009,2022-06-24,2022-06-24 08:00:00
189,189,1656115200,1180.03,1255.83,1223.71,1242.25,3239.37412455,2022-06-25,2022-06-25 08:00:00
188,188,1656201600,1194.78,1280.01,1242.66,1198.14,5026.64778512,2022-06-26,2022-06-26 08:00:00
187,187,1656288000,1174.6,1238.48,1198.14,1192.39,9299.02434998,2022-06-27,2022-06-27 08:00:00
186,186,1656374400,1136.67,1237.75,1192.19,1143.94,8591.05047222,2022-06-28,2022-06-28 08:00:00
185,185,1656460800,1087.28,1156.56,1143.82,1100.24,9864.24763615,2022-06-29,2022-06-29 08:00:00
184,184,1656547200,997.87,1106.65,1098.63,1071.87,13480.30313064,2022-06-30,2022-06-30 08:00:00
183,183,1656633600,1033.69,1116.52,1071.03,1059.5,16195.21676414,2022-07-01,2022-07-01 08:00:00
182,182,1656720000,1028.14,1078.82,1059.25,1069.65,4447.56806723,2022-07-02,2022-07-02 08:00:00
181,181,1656806400,1040.96,1088.06,1070.24,1074.15,4364.30789854,2022-07-03,2022-07-03 08:00:00
180,180,1656892800,1045.21,1161.01,1074.31,1150.3,9680.95422521,2022-07-04,2022-07-04 08:00:00
179,179,1656979200,1077.53,1174.16,1150.11,1133.04,9297.40255509,2022-07-05,2022-07-05 08:00:00
178,178,1657065600,1111.61,1204.73,1132.87,1186.86,12929.04908864,2022-07-06,2022-07-06 08:00:00
177,177,1657152000,1163.44,1253.91,1186.64,1237.9,11485.13743067,2022-07-07,2022-07-07 08:00:00
176,176,1657238400,1193.4,1275.59,1239.46,1214.05,12240.85461942,2022-07-08,2022-07-08 08:00:00
175,175,1657324800,1205.04,1234.02,1215.27,1217.31,2866.72330542,2022-07-09,2022-07-09 08:00:00
174,174,1657411200,1154.06,1219.59,1217.51,1168.01,3642.51693236,2022-07-10,2022-07-10 08:00:00
173,173,1657497600,1091.89,1171.01,1167.67,1095.77,9545.07944119,2022-07-11,2022-07-11 08:00:00
172,172,1657584000,1033.9,1098.17,1095.49,1038.92,9755.30975603,2022-07-12,2022-07-12 08:00:00
171,171,1657670400,1006.91,1119.04,1039.72,1115.34,18934.87953861,2022-07-13,2022-07-13 08:00:00
170,170,1657756800,1072.26,1214.31,1115.03,1193.4,18437.5556006,2022-07-14,2022-07-14 08:00:00
169,169,1657843200,1181.46,1287.05,1193.48,1231.03,15761.52571436,2022-07-15,2022-07-15 08:00:00
168,168,1657929600,1191.82,1422.46,1231.25,1356.42,13072.32882665,2022-07-16,2022-07-16 08:00:00
167,167,1658016000,1319.08,1387.37,1356.01,1338.44,8740.14151833,2022-07-17,2022-07-17 08:00:00
166,166,1658102400,1335.86,1597.12,1338.44,1583.0,29345.93700552,2022-07-18,2022-07-18 08:00:00
165,165,1658188800,1493.27,1632.35,1581.96,1542.75,31086.16275947,2022-07-19,2022-07-19 08:00:00
164,164,1658275200,1485.12,1620.6,1541.77,1521.71,26059.9761338,2022-07-20,2022-07-20 08:00:00
163,163,1658361600,1463.74,1606.0,1521.06,1574.69,22790.13571759,2022-07-21,2022-07-21 08:00:00
162,162,1658448000,1516.48,1645.86,1575.64,1535.08,16342.67088056,2022-07-22,2022-07-22 08:00:00
161,161,1658534400,1488.71,1596.6,1536.96,1548.67,16023.09851739,2022-07-23,2022-07-23 08:00:00
160,160,1658620800,1546.6,1664.2,1550.02,1597.3,10452.85266893,2022-07-24,2022-07-24 08:00:00
159,159,1658707200,1435.0,1609.09,1597.88,1440.49,22073.26541687,2022-07-25,2022-07-25 08:00:00
158,158,1658793600,1356.86,1454.16,1440.99,1449.38,15324.79875553,2022-07-26,2022-07-26 08:00:00
157,157,1658880000,1421.18,1644.89,1450.0,1636.23,37014.81614404,2022-07-27,2022-07-27 08:00:00
156,156,1658966400,1595.0,1785.0,1637.59,1724.45,23570.43149489,2022-07-28,2022-07-28 08:00:00
155,155,1659052800,1656.37,1765.63,1724.93,1721.56,16850.41351126,2022-07-29,2022-07-29 08:00:00
154,154,1659139200,1673.88,1744.08,1722.13,1696.67,9602.46312428,2022-07-30,2022-07-30 08:00:00
153,153,1659225600,1666.22,1754.83,1696.51,1677.63,6148.80698974,2022-07-31,2022-07-31 08:00:00
152,152,1659312000,1606.24,1704.45,1676.88,1630.66,8568.3264355,2022-08-01,2022-08-01 08:00:00
151,151,1659398400,1559.36,1678.16,1630.36,1630.78,13564.75434625,2022-08-02,2022-08-02 08:00:00
150,150,1659484800,1590.4,1684.23,1633.86,1617.33,11533.86151391,2022-08-03,2022-08-03 08:00:00
149,149,1659571200,1581.18,1662.69,1617.67,1608.39,8227.06355938,2022-08-04,2022-08-04 08:00:00
148,148,1659657600,1605.95,1742.09,1608.47,1737.87,11829.68189817,2022-08-05,2022-08-05 08:00:00
147,147,1659744000,1685.77,1749.51,1736.79,1690.99,2772.54475406,2022-08-06,2022-08-06 08:00:00
146,146,1659830400,1668.46,1729.46,1690.29,1700.24,2576.44014654,2022-08-07,2022-08-07 08:00:00
145,145,1659916800,1694.05,1817.43,1700.32,1775.29,7373.4071969,2022-08-08,2022-08-08 08:00:00
144,144,1660003200,1669.11,1790.4,1777.24,1702.55,8174.2594144,2022-08-09,2022-08-09 08:00:00
143,143,1660089600,1656.5,1886.14,1700.93,1854.15,13214.03189455,2022-08-10,2022-08-10 08:00:00
142,142,1660176000,1850.95,1942.01,1853.39,1880.79,6838.76374605,2022-08-11,2022-08-11 08:00:00
141,141,1660262400,1853.46,1965.0,1882.56,1958.26,3941.04862913,2022-08-12,2022-08-12 08:00:00
140,140,1660348800,1947.7,2019.25,1958.46,1983.03,4682.44897594,2022-08-13,2022-08-13 08:00:00
139,139,1660435200,1906.73,2030.0,1983.14,1936.38,3314.8921605,2022-08-14,2022-08-14 08:00:00
138,138,1660521600,1872.51,2012.37,1936.18,1898.87,7214.4113616,2022-08-15,2022-08-15 08:00:00
137,137,1660608000,1852.4,1914.77,1897.3,1876.62,5468.28081096,2022-08-16,2022-08-16 08:00:00
136,136,1660694400,1818.8,1956.96,1878.1,1834.63,8652.08313887,2022-08-17,2022-08-17 08:00:00
135,135,1660780800,1821.52,1882.3,1834.05,1845.89,6264.46572234,2022-08-18,2022-08-18 08:00:00
134,134,1660867200,1603.83,1847.51,1845.57,1607.81,17984.61469141,2022-08-19,2022-08-19 08:00:00
133,133,1660953600,1524.07,1655.4,1610.6,1577.23,9446.86851451,2022-08-20,2022-08-20 08:00:00
132,132,1661040000,1562.74,1646.32,1577.32,1617.82,6862.44457464,2022-08-21,2022-08-21 08:00:00
131,131,1661126400,1530.0,1628.94,1617.76,1623.75,15193.67244756,2022-08-22,2022-08-22 08:00:00
130,130,1661212800,1564.3,1675.0,1624.57,1666.0,8508.87789777,2022-08-23,2022-08-23 08:00:00
129,129,1661299200,1605.61,1693.96,1665.34,1656.12,9313.17973161,2022-08-24,2022-08-24 08:00:00
128,128,1661385600,1654.33,1722.16,1656.01,1695.99,5598.15655037,2022-08-25,2022-08-25 08:00:00
127,127,1661472000,1486.53,1706.5,1694.18,1506.89,13069.68250258,2022-08-26,2022-08-26 08:00:00
126,126,1661558400,1447.71,1518.77,1506.14,1491.83,7585.14224432,2022-08-27,2022-08-27 08:00:00
125,125,1661644800,1422.84,1510.61,1491.31,1426.54,5477.70529855,2022-08-28,2022-08-28 08:00:00
124,124,1661731200,1422.22,1560.01,1427.12,1552.46,7843.63255866,2022-08-29,2022-08-29 08:00:00
123,123,1661817600,1475.03,1606.51,1551.21,1524.21,9093.54434524,2022-08-30,2022-08-30 08:00:00
122,122,1661904000,1524.54,1619.21,1525.0,1554.36,9381.85067776,2022-08-31,2022-08-31 08:00:00
121,121,1661990400,1513.09,1599.03,1553.52,1586.38,7451.67425842,2022-09-01,2022-09-01 08:00:00
120,120,1662076800,1547.01,1650.57,1585.66,1574.37,7589.25916202,2022-09-02,2022-09-02 08:00:00
119,119,1662163200,1534.4,1582.09,1574.45,1559.41,2251.32334675,2022-09-03,2022-09-03 08:00:00
118,118,1662249600,1541.1,1583.82,1558.36,1579.21,2014.26805863,2022-09-04,2022-09-04 08:00:00
117,117,1662336000,1556.89,1631.32,1579.16,1619.48,5035.93821983,2022-09-05,2022-09-05 08:00:00
116,116,1662422400,1552.65,1686.74,1618.15,1558.69,11784.9296462,2022-09-06,2022-09-06 08:00:00
115,115,1662508800,1489.5,1657.26,1559.68,1630.5,10587.82939716,2022-09-07,2022-09-07 08:00:00
114,114,1662595200,1594.96,1663.48,1630.67,1632.66,14458.35314155,2022-09-08,2022-09-08 08:00:00
113,113,1662681600,1632.33,1746.67,1632.66,1719.83,11764.56274725,2022-09-09,2022-09-09 08:00:00
112,112,1662768000,1706.45,1789.22,1715.23,1774.68,2735.32733277,2022-09-10,2022-09-10 08:00:00
111,111,1662854400,1720.44,1789.49,1775.58,1766.92,3345.08799638,2022-09-11,2022-09-11 08:00:00
110,110,1662940800,1689.36,1783.65,1767.25,1716.47,8434.62595019,2022-09-12,2022-09-12 08:00:00
109,109,1663027200,1561.12,1760.62,1718.17,1574.0,11651.39988383,2022-09-13,2022-09-13 08:00:00
108,108,1663113600,1552.2,1647.69,1574.01,1638.33,5958.71605704,2022-09-14,2022-09-14 08:00:00
107,107,1663200000,1458.06,1654.44,1638.05,1474.3,9083.93491191,2022-09-15,2022-09-15 08:00:00
106,106,1663286400,1405.0,1482.75,1474.97,1433.56,11963.66323567,2022-09-16,2022-09-16 08:00:00
105,105,1663372800,1408.71,1476.01,1433.24,1468.7,3296.23341755,2022-09-17,2022-09-17 08:00:00
104,104,1663459200,1325.73,1469.76,1469.76,1333.73,5918.35110702,2022-09-18,2022-09-18 08:00:00
103,103,1663545600,1279.08,1392.83,1333.0,1375.23,11638.89058141,2022-09-19,2022-09-19 08:00:00
102,102,1663632000,1312.36,1384.4,1374.9,1322.93,15621.52468192,2022-09-20,2022-09-20 08:00:00
101,101,1663718400,1220.0,1417.94,1323.47,1245.84,15219.63891452,2022-09-21,2022-09-21 08:00:00
100,100,1663804800,1237.92,1348.78,1244.91,1326.31,20193.80896163,2022-09-22,2022-09-22 08:00:00
99,99,1663891200,1261.96,1359.86,1326.87,1328.76,17743.88876847,2022-09-23,2022-09-23 08:00:00
98,98,1663977600,1307.03,1349.1,1328.87,1318.61,2717.51937605,2022-09-24,2022-09-24 08:00:00
97,97,1664064000,1268.73,1336.99,1318.88,1295.06,4292.45513974,2022-09-25,2022-09-25 08:00:00
96,96,1664150400,1277.88,1340.59,1294.36,1336.68,18450.87039896,2022-09-26,2022-09-26 08:00:00
95,95,1664236800,1303.59,1400.34,1336.63,1328.55,11269.3351052,2022-09-27,2022-09-27 08:00:00
94,94,1664323200,1254.06,1355.57,1328.19,1337.08,11364.54942956,2022-09-28,2022-09-28 08:00:00
93,93,1664409600,1288.47,1351.81,1338.09,1336.29,11464.17882801,2022-09-29,2022-09-29 08:00:00
92,92,1664496000,1314.57,1373.01,1337.36,1328.5,9692.2914943,2022-09-30,2022-09-30 08:00:00
91,91,1664582400,1302.74,1334.13,1328.5,1311.3,1648.32176348,2022-10-01,2022-10-01 08:00:00
90,90,1664668800,1268.73,1317.51,1310.6,1276.47,3290.26782986,2022-10-02,2022-10-02 08:00:00
89,89,1664755200,1262.72,1330.0,1276.64,1322.96,12303.58416411,2022-10-03,2022-10-03 08:00:00
88,88,1664841600,1318.92,1370.22,1323.1,1361.69,11145.99965904,2022-10-04,2022-10-04 08:00:00
87,87,1664928000,1316.3,1364.62,1360.6,1352.12,11051.4411824,2022-10-05,2022-10-05 08:00:00
86,86,1665014400,1344.84,1383.98,1351.59,1352.07,16182.858605,2022-10-06,2022-10-06 08:00:00
85,85,1665100800,1317.44,1361.73,1351.91,1330.75,9694.58782419,2022-10-07,2022-10-07 08:00:00
84,84,1665187200,1303.77,1337.22,1330.92,1315.03,3628.10004852,2022-10-08,2022-10-08 08:00:00
83,83,1665273600,1307.48,1328.51,1314.96,1322.96,3970.13512235,2022-10-09,2022-10-09 08:00:00
82,82,1665360000,1287.0,1338.45,1323.08,1289.39,15646.97091979,2022-10-10,2022-10-10 08:00:00
81,81,1665446400,1266.01,1297.91,1289.33,1279.91,30070.73236169,2022-10-11,2022-10-11 08:00:00
80,80,1665532800,1275.06,1306.69,1279.83,1294.22,19256.37908224,2022-10-12,2022-10-12 08:00:00
79,79,1665619200,1192.24,1301.73,1294.14,1286.98,43438.29084592,2022-10-13,2022-10-13 08:00:00
78,78,1665705600,1283.52,1343.03,1286.68,1296.45,36328.17453732,2022-10-14,2022-10-14 08:00:00
77,77,1665792000,1263.56,1301.89,1296.92,1274.55,7927.12310097,2022-10-15,2022-10-15 08:00:00
76,76,1665878400,1275.17,1315.38,1275.17,1305.54,11415.72346201,2022-10-16,2022-10-16 08:00:00
75,75,1665964800,1295.51,1338.56,1305.17,1331.97,17061.51274425,2022-10-17,2022-10-17 08:00:00
74,74,1666051200,1286.63,1341.86,1332.34,1310.6,18600.16462521,2022-10-18,2022-10-18 08:00:00
73,73,1666137600,1279.94,1313.22,1311.33,1285.13,11378.30087681,2022-10-19,2022-10-19 08:00:00
72,72,1666224000,1270.49,1310.88,1284.89,1282.56,15169.29782533,2022-10-20,2022-10-20 08:00:00
71,71,1666310400,1252.44,1306.89,1282.45,1300.51,12867.3510223,2022-10-21,2022-10-21 08:00:00
70,70,1666396800,1294.55,1320.59,1300.45,1313.77,4586.36680805,2022-10-22,2022-10-22 08:00:00
69,69,1666483200,1299.46,1371.03,1313.93,1364.06,9567.35217197,2022-10-23,2022-10-23 08:00:00
68,68,1666569600,1324.1,1370.65,1364.7,1343.7,18149.81885467,2022-10-24,2022-10-24 08:00:00
67,67,1666656000,1335.0,1525.51,1343.78,1459.93,27957.58257148,2022-10-25,2022-10-25 08:00:00
66,66,1666742400,1457.75,1596.36,1459.97,1566.37,36632.55120739,2022-10-26,2022-10-26 08:00:00
65,65,1666828800,1503.35,1577.97,1565.81,1514.22,48335.92216393,2022-10-27,2022-10-27 08:00:00
64,64,1666915200,1480.0,1575.83,1514.36,1554.15,26827.88625838,2022-10-28,2022-10-28 08:00:00
63,63,1667001600,1547.63,1663.0,1554.11,1619.39,14186.62823916,2022-10-29,2022-10-29 08:00:00
62,62,1667088000,1576.03,1639.98,1619.07,1590.73,11232.20691301,2022-10-30,2022-10-30 08:00:00
61,61,1667174400,1546.18,1635.46,1590.74,1572.88,29966.0479092,2022-10-31,2022-10-31 08:00:00
60,60,1667260800,1563.39,1613.06,1573.26,1578.76,31348.39932311,2022-11-01,2022-11-01 08:00:00
59,59,1667347200,1502.34,1621.94,1578.91,1518.37,50357.48912694,2022-11-02,2022-11-02 08:00:00
58,58,1667433600,1515.39,1559.0,1518.37,1531.29,31384.1755049,2022-11-03,2022-11-03 08:00:00
57,57,1667520000,1528.26,1676.9,1530.83,1644.65,35138.24793393,2022-11-04,2022-11-04 08:00:00
56,56,1667606400,1621.31,1698.38,1644.73,1626.93,13027.13141716,2022-11-05,2022-11-05 08:00:00
55,55,1667692800,1563.41,1638.77,1626.28,1568.84,10983.64346687,2022-11-06,2022-11-06 08:00:00
54,54,1667779200,1545.7,1608.11,1567.83,1568.3,26251.9588099,2022-11-07,2022-11-07 08:00:00
53,53,1667865600,1216.95,1580.0,1568.26,1334.26,49915.42641823,2022-11-08,2022-11-08 08:00:00
52,52,1667952000,1073.2,1336.97,1333.92,1103.12,66317.00155514,2022-11-09,2022-11-09 08:00:00
51,51,1668038400,1086.03,1350.11,1102.96,1299.11,53705.02725977,2022-11-10,2022-11-10 08:00:00
50,50,1668124800,1200.5,1309.59,1299.2,1287.81,42207.47129382,2022-11-11,2022-11-11 08:00:00
49,49,1668211200,1238.79,1292.11,1290.14,1257.31,19400.21258191,2022-11-12,2022-11-12 08:00:00
48,48,1668297600,1200.99,1274.23,1257.08,1221.34,20051.26566316,2022-11-13,2022-11-13 08:00:00
47,47,1668384000,1171.5,1291.07,1221.34,1243.2,35419.94453904,2022-11-14,2022-11-14 08:00:00
46,46,1668470400,1233.6,1291.29,1243.5,1253.39,29660.33055641,2022-11-15,2022-11-15 08:00:00
45,45,1668556800,1186.68,1268.56,1253.39,1216.23,27283.43931131,2022-11-16,2022-11-16 08:00:00
44,44,1668643200,1181.67,1228.32,1216.32,1200.33,25616.26754307,2022-11-17,2022-11-17 08:00:00
43,43,1668729600,1199.18,1233.69,1200.33,1212.09,19796.34742244,2022-11-18,2022-11-18 08:00:00
42,42,1668816000,1197.66,1232.91,1211.92,1217.19,10174.89970296,2022-11-19,2022-11-19 08:00:00
41,41,1668902400,1132.45,1226.81,1217.39,1142.02,15878.10763602,2022-11-20,2022-11-20 08:00:00
40,40,1668988800,1079.37,1146.33,1142.02,1107.19,56960.0418166,2022-11-21,2022-11-21 08:00:00
39,39,1669075200,1074.49,1142.81,1107.33,1139.07,50614.79426867,2022-11-22,2022-11-22 08:00:00
38,38,1669161600,1127.76,1191.31,1139.48,1184.67,47634.00637031,2022-11-23,2022-11-23 08:00:00
37,37,1669248000,1180.78,1217.2,1184.67,1203.84,36489.90992554,2022-11-24,2022-11-24 08:00:00
36,36,1669334400,1171.21,1207.7,1203.76,1199.26,38102.43688963,2022-11-25,2022-11-25 08:00:00
35,35,1669420800,1196.23,1235.87,1199.37,1205.68,21873.64927232,2022-11-26,2022-11-26 08:00:00
34,34,1669507200,1188.87,1223.42,1205.09,1193.99,15330.58333525,2022-11-27,2022-11-27 08:00:00
33,33,1669593600,1150.82,1199.4,1193.84,1167.54,37325.26622458,2022-11-28,2022-11-28 08:00:00
32,32,1669680000,1158.18,1227.0,1167.35,1216.63,40328.80156236,2022-11-29,2022-11-29 08:00:00
31,31,1669766400,1212.38,1310.0,1216.32,1294.59,46324.4666747,2022-11-30,2022-11-30 08:00:00
30,30,1669852800,1262.73,1300.0,1294.73,1276.41,32642.62856504,2022-12-01,2022-12-01 08:00:00
29,29,1669939200,1265.93,1297.48,1276.41,1295.42,31078.20535628,2022-12-02,2022-12-02 08:00:00
28,28,1670025600,1236.65,1307.44,1295.81,1240.44,17129.88925701,2022-12-03,2022-12-03 08:00:00
27,27,1670112000,1240.4,1286.95,1240.58,1279.58,13877.98791399,2022-12-04,2022-12-04 08:00:00
26,26,1670198400,1246.7,1305.34,1279.58,1259.33,31263.14311015,2022-12-05,2022-12-05 08:00:00
25,25,1670284800,1242.03,1274.66,1259.37,1271.38,30982.6705615,2022-12-06,2022-12-06 08:00:00
24,24,1670371200,1218.56,1277.5,1271.43,1231.43,26875.35218054,2022-12-07,2022-12-07 08:00:00
23,23,1670457600,1222.19,1292.45,1231.54,1279.88,26221.93281482,2022-12-08,2022-12-08 08:00:00
22,22,1670544000,1255.75,1296.66,1279.88,1262.96,33527.33034718,2022-12-09,2022-12-09 08:00:00
21,21,1670630400,1259.76,1283.52,1262.98,1266.51,8677.39622226,2022-12-10,2022-12-10 08:00:00
20,20,1670716800,1256.0,1284.19,1266.7,1263.14,12262.18144362,2022-12-11,2022-12-11 08:00:00
19,19,1670803200,1240.0,1278.85,1262.71,1275.92,23736.89513606,2022-12-12,2022-12-12 08:00:00
18,18,1670889600,1255.39,1353.2,1275.95,1320.62,47265.27717214,2022-12-13,2022-12-13 08:00:00
17,17,1670976000,1299.6,1353.28,1320.6,1307.22,65999.01038414,2022-12-14,2022-12-14 08:00:00
16,16,1671062400,1258.74,1311.34,1307.26,1266.49,64634.85145148,2022-12-15,2022-12-15 08:00:00
15,15,1671148800,1155.23,1279.85,1266.61,1166.56,69877.76537267,2022-12-16,2022-12-16 08:00:00
14,14,1671235200,1161.84,1189.79,1166.72,1187.33,24633.31018855,2022-12-17,2022-12-17 08:00:00
13,13,1671321600,1172.19,1196.17,1187.52,1183.93,18340.59848969,2022-12-18,2022-12-18 08:00:00
12,12,1671408000,1150.59,1194.94,1183.78,1167.68,40812.0411366,2022-12-19,2022-12-19 08:00:00
11,11,1671494400,1163.07,1229.81,1167.47,1216.81,47587.8478416,2022-12-20,2022-12-20 08:00:00
10,10,1671580800,1203.48,1223.27,1217.1,1213.44,32769.35333982,2022-12-21,2022-12-21 08:00:00
9,9,1671667200,1183.0,1237.15,1213.35,1217.92,37209.74755697,2022-12-22,2022-12-22 08:00:00
8,8,1671753600,1212.0,1231.69,1217.96,1220.21,24543.08205721,2022-12-23,2022-12-23 08:00:00
7,7,1671840000,1214.73,1227.54,1220.17,1220.66,15729.62324129,2022-12-24,2022-12-24 08:00:00
6,6,1671926400,1193.76,1224.27,1220.49,1218.51,19867.59113854,2022-12-25,2022-12-25 08:00:00
5,5,1672012800,1210.78,1230.95,1218.92,1227.92,16478.41069634,2022-12-26,2022-12-26 08:00:00
4,4,1672099200,1200.8,1233.72,1228.07,1211.89,26062.24400516,2022-12-27,2022-12-27 08:00:00
3,3,1672185600,1179.69,1215.8,1211.88,1189.92,39761.67948831,2022-12-28,2022-12-28 08:00:00
2,2,1672272000,1186.66,1206.72,1190.23,1200.35,21222.92106402,2022-12-29,2022-12-29 08:00:00
1,1,1672358400,1181.63,1202.18,1200.37,1200.09,15715.75305618,2022-12-30,2022-12-30 08:00:00
0,0,1672444800,1191.57,1208.7,1200.2,1196.07,6858.23780392,2022-12-31,2022-12-31 08:00:00
150,150,1672531200,1190.76,1204.62,1196.06,1200.32,6297.08529643,2023-01-01,2023-01-01 08:00:00
149,149,1672617600,1192.91,1224.46,1200.45,1214.09,15596.61962251,2023-01-02,2023-01-02 08:00:00
148,148,1672704000,1204.83,1219.78,1214.0,1214.67,13508.81056827,2023-01-03,2023-01-03 08:00:00
147,147,1672790400,1212.77,1271.87,1214.86,1256.54,37703.56929311,2023-01-04,2023-01-04 08:00:00
146,146,1672876800,1242.49,1260.18,1256.8,1251.87,18744.01695451,2023-01-05,2023-01-05 08:00:00
145,145,1672963200,1234.46,1277.05,1251.59,1269.28,27167.56696457,2023-01-06,2023-01-06 08:00:00
144,144,1673049600,1261.3,1271.08,1268.92,1264.2,10342.97419093,2023-01-07,2023-01-07 08:00:00
143,143,1673136000,1257.81,1295.44,1264.15,1290.19,22306.97129687,2023-01-08,2023-01-08 08:00:00
142,142,1673222400,1285.27,1345.0,1289.99,1320.06,67172.81569957,2023-01-09,2023-01-09 08:00:00
141,141,1673308800,1316.81,1347.98,1320.28,1335.08,39316.79157593,2023-01-10,2023-01-10 08:00:00
140,140,1673395200,1321.02,1398.99,1334.97,1390.11,28288.1158847,2023-01-11,2023-01-11 08:00:00
139,139,1673481600,1362.0,1438.34,1389.48,1415.66,43556.20955595,2023-01-12,2023-01-12 08:00:00
138,138,1673568000,1400.88,1464.56,1415.61,1451.11,24014.15549949,2023-01-13,2023-01-13 08:00:00
137,137,1673654400,1449.23,1606.15,1451.03,1549.84,39197.970515,2023-01-14,2023-01-14 08:00:00
136,136,1673740800,1515.66,1566.82,1549.82,1552.31,17633.75634193,2023-01-15,2023-01-15 08:00:00
135,135,1673827200,1521.48,1605.85,1552.22,1576.74,29226.65881275,2023-01-16,2023-01-16 08:00:00
134,134,1673913600,1540.88,1608.74,1576.89,1565.47,24844.69852382,2023-01-17,2023-01-17 08:00:00
133,133,1674000000,1501.0,1610.0,1565.58,1510.93,23958.87289288,2023-01-18,2023-01-18 08:00:00
132,132,1674086400,1509.82,1564.48,1510.93,1550.68,17719.07546938,2023-01-19,2023-01-19 08:00:00
131,131,1674172800,1541.87,1670.0,1550.86,1658.12,28313.68807975,2023-01-20,2023-01-20 08:00:00
130,130,1674259200,1617.91,1680.0,1658.12,1626.3,19291.87037492,2023-01-21,2023-01-21 08:00:00
129,129,1674345600,1603.04,1663.45,1624.96,1627.1,17901.86342649,2023-01-22,2023-01-22 08:00:00
128,128,1674432000,1584.19,1648.29,1626.94,1626.15,19321.82797532,2023-01-23,2023-01-23 08:00:00
127,127,1674518400,1531.72,1641.38,1626.09,1555.98,22550.66793872,2023-01-24,2023-01-24 08:00:00
126,126,1674604800,1515.66,1640.0,1555.67,1613.31,28410.40576835,2023-01-25,2023-01-25 08:00:00
125,125,1674691200,1577.28,1632.75,1613.34,1601.02,20139.221837,2023-01-26,2023-01-26 08:00:00
124,124,1674777600,1552.95,1621.37,1601.11,1597.45,21621.80299211,2023-01-27,2023-01-27 08:00:00
123,123,1674864000,1556.33,1606.61,1597.07,1572.17,6436.23448885,2023-01-28,2023-01-28 08:00:00
122,122,1674950400,1566.56,1660.67,1572.18,1644.7,17541.10563558,2023-01-29,2023-01-29 08:00:00
121,121,1675036800,1533.29,1647.59,1644.7,1566.15,21746.16430379,2023-01-30,2023-01-30 08:00:00
120,120,1675123200,1561.61,1605.31,1566.03,1585.16,14276.44750802,2023-01-31,2023-01-31 08:00:00
119,119,1675209600,1557.52,1647.76,1585.24,1642.1,12634.75909355,2023-02-01,2023-02-01 08:00:00
118,118,1675296000,1626.95,1713.91,1643.46,1643.22,13409.26315878,2023-02-02,2023-02-02 08:00:00
117,117,1675382400,1625.95,1676.17,1643.85,1663.0,7117.92973704,2023-02-03,2023-02-03 08:00:00
116,116,1675468800,1645.66,1694.93,1662.59,1666.32,3319.36282205,2023-02-04,2023-02-04 08:00:00
115,115,1675555200,1609.64,1673.37,1665.58,1629.27,7206.44202784,2023-02-05,2023-02-05 08:00:00
114,114,1675641600,1605.0,1658.33,1628.87,1614.24,9734.82597045,2023-02-06,2023-02-06 08:00:00
113,113,1675728000,1613.32,1677.62,1614.09,1672.1,7185.66319609,2023-02-07,2023-02-07 08:00:00
112,112,1675814400,1630.13,1698.3,1672.49,1649.73,8188.51413201,2023-02-08,2023-02-08 08:00:00
111,111,1675900800,1524.42,1655.71,1650.56,1544.88,14340.23193769,2023-02-09,2023-02-09 08:00:00
110,110,1675987200,1490.33,1554.48,1544.27,1512.68,11368.05918074,2023-02-10,2023-02-10 08:00:00
109,109,1676073600,1506.16,1543.11,1513.18,1539.13,2784.2212283,2023-02-11,2023-02-11 08:00:00
108,108,1676160000,1493.78,1548.03,1538.75,1514.51,3677.36731471,2023-02-12,2023-02-12 08:00:00
107,107,1676246400,1461.84,1525.81,1513.78,1505.62,16000.26338682,2023-02-13,2023-02-13 08:00:00
106,106,1676332800,1485.38,1567.84,1505.45,1555.95,15054.37928075,2023-02-14,2023-02-14 08:00:00
105,105,1676419200,1542.83,1682.05,1556.4,1674.5,17790.89246264,2023-02-15,2023-02-15 08:00:00
104,104,1676505600,1633.83,1742.48,1674.39,1638.17,17153.14612113,2023-02-16,2023-02-16 08:00:00
103,103,1676592000,1630.85,1721.77,1638.25,1694.33,14337.47943172,2023-02-17,2023-02-17 08:00:00
102,102,1676678400,1680.17,1713.44,1693.87,1691.15,3268.47053264,2023-02-18,2023-02-18 08:00:00
101,101,1676764800,1666.68,1726.66,1691.06,1680.29,6691.20506136,2023-02-19,2023-02-19 08:00:00
100,100,1676851200,1650.86,1719.64,1680.25,1703.1,7077.32383634,2023-02-20,2023-02-20 08:00:00
99,99,1676937600,1636.3,1716.32,1703.42,1659.57,7578.5497721,2023-02-21,2023-02-21 08:00:00
98,98,1677024000,1594.96,1666.73,1658.99,1643.13,11819.43653884,2023-02-22,2023-02-22 08:00:00
97,97,1677110400,1628.86,1678.86,1643.06,1649.48,11527.01812745,2023-02-23,2023-02-23 08:00:00
96,96,1677196800,1575.76,1664.22,1649.63,1608.07,10330.59331723,2023-02-24,2023-02-24 08:00:00
95,95,1677283200,1555.45,1609.01,1607.32,1594.25,4567.14992687,2023-02-25,2023-02-25 08:00:00
94,94,1677369600,1587.67,1650.65,1594.24,1641.41,3997.28618496,2023-02-26,2023-02-26 08:00:00
93,93,1677456000,1608.44,1665.02,1641.09,1632.84,5374.29037576,2023-02-27,2023-02-27 08:00:00
92,92,1677542400,1597.19,1647.19,1633.51,1605.13,3700.88761366,2023-02-28,2023-02-28 08:00:00
91,91,1677628800,1595.29,1669.34,1605.13,1664.9,3934.67409521,2023-03-01,2023-03-01 08:00:00
90,90,1677715200,1619.02,1677.87,1664.84,1648.71,3660.44835771,2023-03-02,2023-03-02 08:00:00
89,89,1677801600,1541.12,1648.59,1648.18,1569.17,8909.38852206,2023-03-03,2023-03-03 08:00:00
88,88,1677888000,1550.0,1577.25,1569.53,1568.46,1949.01947525,2023-03-04,2023-03-04 08:00:00
87,87,1677974400,1553.18,1588.33,1567.46,1563.46,2258.6488292,2023-03-05,2023-03-05 08:00:00
86,86,1678060800,1554.69,1582.91,1564.93,1566.0,2750.43598185,2023-03-06,2023-03-06 08:00:00
85,85,1678147200,1536.34,1584.08,1565.87,1562.21,3851.89269341,2023-03-07,2023-03-07 08:00:00
84,84,1678233600,1523.58,1570.68,1562.1,1532.26,5666.88614987,2023-03-08,2023-03-08 08:00:00
83,83,1678320000,1408.5,1546.49,1531.69,1435.84,9678.11713685,2023-03-09,2023-03-09 08:00:00
82,82,1678406400,1370.0,1438.37,1435.74,1426.24,17302.71194907,2023-03-10,2023-03-10 08:00:00
81,81,1678492800,1408.71,1478.0,1426.28,1471.86,21982.94856911,2023-03-11,2023-03-11 08:00:00
80,80,1678579200,1449.24,1594.17,1472.0,1579.69,11216.3145871,2023-03-12,2023-03-12 08:00:00
79,79,1678665600,1565.56,1693.45,1579.71,1674.03,15126.14438992,2023-03-13,2023-03-13 08:00:00
78,78,1678752000,1656.3,1777.81,1674.22,1699.5,16671.01872346,2023-03-14,2023-03-14 08:00:00
77,77,1678838400,1610.79,1716.51,1699.5,1649.42,19980.20154772,2023-03-15,2023-03-15 08:00:00
76,76,1678924800,1632.02,1691.56,1649.65,1673.55,10302.77897444,2023-03-16,2023-03-16 08:00:00
75,75,1679011200,1662.89,1799.0,1673.42,1789.42,15208.99257742,2023-03-17,2023-03-17 08:00:00
74,74,1679097600,1746.5,1842.07,1789.34,1758.68,13687.21038241,2023-03-18,2023-03-18 08:00:00
73,73,1679184000,1758.75,1841.18,1759.04,1780.55,9842.80778744,2023-03-19,2023-03-19 08:00:00
72,72,1679270400,1723.73,1802.59,1780.67,1731.97,12782.20367471,2023-03-20,2023-03-20 08:00:00
71,71,1679356800,1717.79,1834.78,1732.74,1800.48,9793.74051027,2023-03-21,2023-03-21 08:00:00
70,70,1679443200,1710.23,1819.58,1801.04,1733.25,10460.77236114,2023-03-22,2023-03-22 08:00:00
69,69,1679529600,1729.62,1854.58,1733.9,1813.42,10066.05514151,2023-03-23,2023-03-23 08:00:00
68,68,1679616000,1726.34,1818.61,1814.63,1749.81,14400.88641435,2023-03-24,2023-03-24 08:00:00
67,67,1679702400,1713.7,1763.4,1749.87,1741.93,2516.36967555,2023-03-25,2023-03-25 08:00:00
66,66,1679788800,1739.22,1800.34,1741.93,1774.5,4937.02845503,2023-03-26,2023-03-26 08:00:00
65,65,1679875200,1687.0,1779.85,1774.02,1715.38,8542.79836165,2023-03-27,2023-03-27 08:00:00
64,64,1679961600,1701.24,1794.97,1715.37,1772.98,5745.38993422,2023-03-28,2023-03-28 08:00:00
63,63,1680048000,1772.81,1827.19,1772.98,1793.13,7044.0657878,2023-03-29,2023-03-29 08:00:00
62,62,1680134400,1762.84,1829.42,1793.39,1794.26,10410.93258799,2023-03-30,2023-03-30 08:00:00
61,61,1680220800,1779.58,1846.93,1795.19,1821.68,8000.62737796,2023-03-31,2023-03-31 08:00:00
60,60,1680307200,1808.61,1842.51,1823.26,1820.78,2402.13395939,2023-04-01,2023-04-01 08:00:00
59,59,1680393600,1772.43,1824.69,1820.97,1793.72,2335.41874312,2023-04-02,2023-04-02 08:00:00
58,58,1680480000,1762.84,1839.99,1793.5,1811.4,9397.67524975,2023-04-03,2023-04-03 08:00:00
57,57,1680566400,1802.03,1891.91,1810.19,1870.96,10571.1694395,2023-04-04,2023-04-04 08:00:00
56,56,1680652800,1865.13,1943.0,1870.07,1909.1,13208.8341668,2023-04-05,2023-04-05 08:00:00
55,55,1680739200,1853.92,1909.94,1909.12,1872.12,6147.55332271,2023-04-06,2023-04-06 08:00:00
54,54,1680825600,1841.5,1882.2,1872.13,1863.23,4157.94255837,2023-04-07,2023-04-07 08:00:00
53,53,1680912000,1847.43,1879.32,1864.3,1847.73,1450.39302854,2023-04-08,2023-04-08 08:00:00
52,52,1680998400,1823.97,1873.41,1848.84,1857.48,3134.29096654,2023-04-09,2023-04-09 08:00:00
51,51,1681084800,1847.0,1918.79,1857.26,1909.93,5306.81322537,2023-04-10,2023-04-10 08:00:00
50,50,1681171200,1882.27,1937.5,1909.31,1889.88,4739.09543195,2023-04-11,2023-04-11 08:00:00
49,49,1681257600,1854.38,1932.57,1890.03,1917.67,9550.79764854,2023-04-12,2023-04-12 08:00:00
48,48,1681344000,1899.61,2022.61,1917.51,2010.76,12574.4506326,2023-04-13,2023-04-13 08:00:00
47,47,1681430400,2009.36,2128.38,2010.52,2100.06,15972.30608096,2023-04-14,2023-04-14 08:00:00
46,46,1681516800,2071.94,2111.03,2100.17,2090.06,5090.45304608,2023-04-15,2023-04-15 08:00:00
45,45,1681603200,2073.0,2141.72,2089.97,2118.44,5956.55957494,2023-04-16,2023-04-16 08:00:00
44,44,1681689600,2056.62,2120.26,2118.93,2074.19,7190.29286008,2023-04-17,2023-04-17 08:00:00
43,43,1681776000,2051.3,2123.94,2074.44,2103.17,5705.35539858,2023-04-18,2023-04-18 08:00:00
42,42,1681862400,1922.21,2104.31,2103.16,1934.04,13243.81914726,2023-04-19,2023-04-19 08:00:00
41,41,1681948800,1915.82,1983.03,1934.49,1943.0,9018.88724342,2023-04-20,2023-04-20 08:00:00
40,40,1682035200,1825.0,1957.43,1942.89,1848.64,14722.30059652,2023-04-21,2023-04-21 08:00:00
39,39,1682121600,1842.02,1886.88,1848.7,1873.66,4071.14727223,2023-04-22,2023-04-22 08:00:00
38,38,1682208000,1837.63,1881.98,1873.67,1861.21,3150.07387788,2023-04-23,2023-04-23 08:00:00
37,37,1682294400,1805.95,1889.95,1861.7,1841.81,7661.8512409,2023-04-24,2023-04-24 08:00:00
36,36,1682380800,1802.01,1878.07,1842.02,1866.37,8687.53278885,2023-04-25,2023-04-25 08:00:00
35,35,1682467200,1784.0,1963.97,1866.03,1865.27,20729.02479836,2023-04-26,2023-04-26 08:00:00
34,34,1682553600,1861.11,1938.89,1865.37,1908.85,25221.55216473,2023-04-27,2023-04-27 08:00:00
33,33,1682640000,1873.67,1923.94,1908.76,1891.1,7284.77582428,2023-04-28,2023-04-28 08:00:00
32,32,1682726400,1883.77,1917.24,1891.32,1907.73,1897.96484454,2023-04-29,2023-04-29 08:00:00
31,31,1682812800,1865.95,1939.0,1907.17,1869.96,4708.30737054,2023-04-30,2023-04-30 08:00:00
30,30,1682899200,1806.21,1886.7,1869.23,1830.28,12070.77582706,2023-05-01,2023-05-01 08:00:00
29,29,1682985600,1822.81,1881.93,1829.84,1870.66,10958.80715525,2023-05-02,2023-05-02 08:00:00
28,28,1683072000,1842.78,1916.61,1869.77,1905.55,13774.7765199,2023-05-03,2023-05-03 08:00:00
27,27,1683158400,1866.97,1918.42,1905.59,1876.8,8640.71571704,2023-05-04,2023-05-04 08:00:00
26,26,1683244800,1875.56,2008.46,1876.8,1994.15,14139.10867409,2023-05-05,2023-05-05 08:00:00
25,25,1683331200,1860.91,2018.61,1994.04,1897.36,10945.75472921,2023-05-06,2023-05-06 08:00:00
24,24,1683417600,1868.13,1933.24,1897.2,1870.36,12797.31000599,2023-05-07,2023-05-07 08:00:00
23,23,1683504000,1810.29,1883.94,1869.26,1848.09,21784.62432575,2023-05-08,2023-05-08 08:00:00
22,22,1683590400,1831.04,1861.73,1847.21,1846.34,8446.77754634,2023-05-09,2023-05-09 08:00:00
21,21,1683676800,1789.98,1887.44,1847.44,1840.91,21186.08702605,2023-05-10,2023-05-10 08:00:00
20,20,1683763200,1771.89,1842.08,1841.14,1794.26,19197.66326006,2023-05-11,2023-05-11 08:00:00
19,19,1683849600,1737.11,1816.73,1794.5,1807.74,18751.8989954,2023-05-12,2023-05-12 08:00:00
18,18,1683936000,1785.66,1816.67,1807.1,1795.42,3879.82924754,2023-05-13,2023-05-13 08:00:00
17,17,1684022400,1789.52,1823.8,1794.92,1799.35,6498.61639762,2023-05-14,2023-05-14 08:00:00
16,16,1684108800,1784.8,1847.14,1799.35,1816.33,12771.23398881,2023-05-15,2023-05-15 08:00:00
15,15,1684195200,1796.44,1832.23,1816.22,1824.38,9139.65857526,2023-05-16,2023-05-16 08:00:00
14,14,1684281600,1784.19,1836.98,1824.28,1822.44,8532.18731816,2023-05-17,2023-05-17 08:00:00
13,13,1684368000,1771.28,1831.72,1822.46,1800.3,8423.416437,2023-05-18,2023-05-18 08:00:00
12,12,1684454400,1796.97,1829.47,1800.72,1812.41,6146.40212283,2023-05-19,2023-05-19 08:00:00
11,11,1684540800,1806.76,1828.38,1812.33,1819.78,1930.58082695,2023-05-20,2023-05-20 08:00:00
10,10,1684627200,1797.48,1828.8,1819.57,1804.87,2731.25926707,2023-05-21,2023-05-21 08:00:00
9,9,1684713600,1791.84,1828.75,1804.38,1817.48,5919.75483586,2023-05-22,2023-05-22 08:00:00
8,8,1684800000,1815.07,1873.66,1817.79,1854.23,8682.51048039,2023-05-23,2023-05-23 08:00:00
7,7,1684886400,1775.28,1854.3,1854.3,1800.08,9040.30482606,2023-05-24,2023-05-24 08:00:00
6,6,1684972800,1759.47,1818.11,1799.8,1805.72,9512.13196854,2023-05-25,2023-05-25 08:00:00
5,5,1685059200,1796.66,1838.11,1805.87,1827.81,6634.15612963,2023-05-26,2023-05-26 08:00:00
4,4,1685145600,1813.32,1836.0,1828.07,1830.25,2130.08518236,2023-05-27,2023-05-27 08:00:00
3,3,1685232000,1823.43,1923.18,1829.95,1909.33,9408.40693815,2023-05-28,2023-05-28 08:00:00
2,2,1685318400,1873.92,1927.7,1910.2,1892.36,9301.68516914,2023-05-29,2023-05-29 08:00:00
1,1,1685404800,1881.39,1916.8,1892.11,1900.08,13180.01921793,2023-05-30,2023-05-30 08:00:00
0,0,1685491200,1846.92,1907.4,1900.09,1873.95,18212.92349557,2023-05-31,2023-05-31 08:00:00
213,213,1685577600,1838.89,1888.91,1874.33,1860.95,12343.15219928,2023-06-01,2023-06-01 08:00:00
212,212,1685664000,1847.78,1910.88,1860.78,1906.76,9518.23150225,2023-06-02,2023-06-02 08:00:00
211,211,1685750400,1881.44,1907.9,1906.97,1892.0,3933.20469512,2023-06-03,2023-06-03 08:00:00
210,210,1685836800,1884.28,1914.0,1892.0,1888.51,3132.32156215,2023-06-04,2023-06-04 08:00:00
209,209,1685923200,1778.5,1890.68,1888.85,1810.4,17815.75684726,2023-06-05,2023-06-05 08:00:00
208,208,1686009600,1797.44,1898.17,1809.73,1884.52,17444.86371575,2023-06-06,2023-06-06 08:00:00
207,207,1686096000,1821.14,1897.34,1884.49,1832.31,15378.10167701,2023-06-07,2023-06-07 08:00:00
206,206,1686182400,1828.62,1861.26,1832.42,1845.82,7935.10286619,2023-06-08,2023-06-08 08:00:00
205,205,1686268800,1826.77,1855.25,1845.95,1840.53,10963.63111736,2023-06-09,2023-06-09 08:00:00
204,204,1686355200,1715.6,1845.04,1840.26,1751.92,20643.40585711,2023-06-10,2023-06-10 08:00:00
203,203,1686441600,1738.38,1777.77,1751.94,1752.75,7867.94305738,2023-06-11,2023-06-11 08:00:00
202,202,1686528000,1719.88,1759.18,1752.02,1742.77,11750.4222316,2023-06-12,2023-06-12 08:00:00
201,201,1686614400,1724.56,1766.24,1742.69,1739.87,11322.24101789,2023-06-13,2023-06-13 08:00:00
200,200,1686700800,1629.98,1749.66,1739.96,1650.68,17114.17624589,2023-06-14,2023-06-14 08:00:00
199,199,1686787200,1627.08,1680.09,1650.14,1666.17,14690.65412204,2023-06-15,2023-06-15 08:00:00
198,198,1686873600,1649.96,1729.56,1666.34,1718.12,13762.10379861,2023-06-16,2023-06-16 08:00:00
197,197,1686960000,1714.21,1772.02,1718.38,1728.23,9738.61946358,2023-06-17,2023-06-17 08:00:00
196,196,1687046400,1713.19,1747.86,1727.5,1720.5,5634.86344301,2023-06-18,2023-06-18 08:00:00
195,195,1687132800,1700.52,1751.72,1720.19,1737.26,12747.27189843,2023-06-19,2023-06-19 08:00:00
194,194,1687219200,1714.59,1796.72,1736.9,1792.34,16856.59745632,2023-06-20,2023-06-20 08:00:00
193,193,1687305600,1787.21,1901.56,1792.32,1889.58,26105.5719141,2023-06-21,2023-06-21 08:00:00
192,192,1687392000,1864.69,1933.61,1889.57,1871.88,12810.31179896,2023-06-22,2023-06-22 08:00:00
191,191,1687478400,1862.04,1936.75,1872.16,1892.21,17832.43181547,2023-06-23,2023-06-23 08:00:00
190,190,1687564800,1864.57,1906.14,1892.23,1874.74,6254.28286134,2023-06-24,2023-06-24 08:00:00
189,189,1687651200,1869.05,1929.89,1875.15,1898.63,10051.30100404,2023-06-25,2023-06-25 08:00:00
188,188,1687737600,1836.9,1909.03,1899.21,1858.88,11539.25214655,2023-06-26,2023-06-26 08:00:00
187,187,1687824000,1855.1,1912.0,1858.5,1889.75,10980.67834115,2023-06-27,2023-06-27 08:00:00
186,186,1687910400,1816.06,1889.99,1889.64,1827.97,12386.07178082,2023-06-28,2023-06-28 08:00:00
185,185,1687996800,1828.11,1879.72,1828.11,1852.51,8503.83247156,2023-06-29,2023-06-29 08:00:00
184,184,1688083200,1825.0,1947.32,1851.88,1933.73,31962.58196202,2023-06-30,2023-06-30 08:00:00
183,183,1688169600,1909.47,1944.57,1934.3,1924.51,5231.25992822,2023-07-01,2023-07-01 08:00:00
182,182,1688256000,1885.36,1962.15,1924.07,1938.38,9532.99921487,2023-07-02,2023-07-02 08:00:00
181,181,1688342400,1933.34,1976.3,1937.91,1955.75,12212.52350228,2023-07-03,2023-07-03 08:00:00
180,180,1688428800,1931.61,1966.62,1955.35,1935.98,7018.7796136,2023-07-04,2023-07-04 08:00:00
179,179,1688515200,1894.58,1942.46,1936.09,1910.39,6674.38480881,2023-07-05,2023-07-05 08:00:00
178,178,1688601600,1845.78,1957.71,1909.84,1845.78,19522.7968169,2023-07-06,2023-07-06 08:00:00
177,177,1688688000,1825.01,1878.08,1846.05,1870.65,14595.97208591,2023-07-07,2023-07-07 08:00:00
176,176,1688774400,1842.52,1872.91,1870.23,1865.25,8640.22574722,2023-07-08,2023-07-08 08:00:00
175,175,1688860800,1856.44,1878.8,1865.6,1862.92,11652.32105284,2023-07-09,2023-07-09 08:00:00
174,174,1688947200,1846.64,1905.37,1862.89,1880.8,29145.22583969,2023-07-10,2023-07-10 08:00:00
173,173,1689033600,1862.47,1891.99,1881.02,1878.99,17326.04705642,2023-07-11,2023-07-11 08:00:00
172,172,1689120000,1864.47,1901.62,1878.51,1871.9,23261.64825876,2023-07-12,2023-07-12 08:00:00
171,171,1689206400,1862.83,2013.1,1871.58,2004.52,30273.20776311,2023-07-13,2023-07-13 08:00:00
170,170,1689292800,1897.67,2029.35,2004.92,1937.95,25912.45164341,2023-07-14,2023-07-14 08:00:00
169,169,1689379200,1926.16,1946.36,1937.53,1931.37,3205.90615531,2023-07-15,2023-07-15 08:00:00
168,168,1689465600,1914.07,1943.38,1931.21,1921.99,9104.10161793,2023-07-16,2023-07-16 08:00:00
167,167,1689552000,1873.21,1936.35,1921.4,1911.1,22711.6630245,2023-07-17,2023-07-17 08:00:00
166,166,1689638400,1875.69,1916.92,1911.21,1897.47,19564.62374245,2023-07-18,2023-07-18 08:00:00
165,165,1689724800,1882.17,1922.17,1897.33,1888.62,25825.93842522,2023-07-19,2023-07-19 08:00:00
164,164,1689811200,1877.7,1928.84,1888.3,1891.7,33727.10664314,2023-07-20,2023-07-20 08:00:00
163,163,1689897600,1884.79,1905.61,1891.41,1891.91,12844.03853845,2023-07-21,2023-07-21 08:00:00
162,162,1689984000,1851.53,1897.32,1891.97,1865.73,9688.3974692,2023-07-22,2023-07-22 08:00:00
161,161,1690070400,1857.97,1905.0,1865.69,1888.65,16732.72255735,2023-07-23,2023-07-23 08:00:00
160,160,1690156800,1833.24,1890.9,1888.31,1850.08,30571.39030054,2023-07-24,2023-07-24 08:00:00
159,159,1690243200,1845.49,1868.65,1850.42,1857.78,10944.99578087,2023-07-25,2023-07-25 08:00:00
158,158,1690329600,1848.72,1887.67,1857.33,1871.95,14331.35186568,2023-07-26,2023-07-26 08:00:00
157,157,1690416000,1854.77,1886.23,1871.92,1861.31,10050.54251622,2023-07-27,2023-07-27 08:00:00
156,156,1690502400,1856.75,1883.02,1860.93,1874.1,6420.04273381,2023-07-28,2023-07-28 08:00:00
155,155,1690588800,1869.61,1886.06,1873.62,1880.43,2706.69168892,2023-07-29,2023-07-29 08:00:00
154,154,1690675200,1849.22,1884.88,1880.84,1861.93,3198.22292311,2023-07-30,2023-07-30 08:00:00
153,153,1690761600,1851.0,1877.07,1861.67,1856.44,8992.54995914,2023-07-31,2023-07-31 08:00:00
152,152,1690848000,1812.4,1875.77,1855.91,1873.72,34646.37075005,2023-08-01,2023-08-01 08:00:00
151,151,1690934400,1821.35,1879.5,1874.2,1840.1,16347.02783237,2023-08-02,2023-08-02 08:00:00
150,150,1691020800,1826.09,1859.31,1839.8,1837.07,12085.38175423,2023-08-03,2023-08-03 08:00:00
149,149,1691107200,1815.25,1851.24,1837.13,1829.43,12497.47790018,2023-08-04,2023-08-04 08:00:00
148,148,1691193600,1827.62,1838.85,1829.74,1836.44,3014.43734792,2023-08-05,2023-08-05 08:00:00
147,147,1691280000,1826.08,1838.58,1835.55,1830.45,4276.3003339,2023-08-06,2023-08-06 08:00:00
146,146,1691366400,1802.18,1846.83,1830.32,1829.09,12807.38686083,2023-08-07,2023-08-07 08:00:00
145,145,1691452800,1826.38,1876.24,1828.91,1856.24,15061.01341322,2023-08-08,2023-08-08 08:00:00
144,144,1691539200,1846.08,1871.85,1856.33,1855.4,11261.46185646,2023-08-09,2023-08-09 08:00:00
143,143,1691625600,1845.88,1866.05,1855.43,1852.67,10397.49823559,2023-08-10,2023-08-10 08:00:00
142,142,1691712000,1838.42,1857.43,1852.36,1849.18,11054.02355987,2023-08-11,2023-08-11 08:00:00
141,141,1691798400,1846.23,1853.74,1849.15,1850.23,2593.10444869,2023-08-12,2023-08-12 08:00:00
140,140,1691884800,1834.93,1861.66,1850.09,1840.27,4519.14254144,2023-08-13,2023-08-13 08:00:00
139,139,1691971200,1835.06,1856.67,1839.78,1845.81,8015.37131904,2023-08-14,2023-08-14 08:00:00
138,138,1692057600,1813.42,1847.44,1845.48,1829.14,6343.08289072,2023-08-15,2023-08-15 08:00:00
137,137,1692144000,1797.07,1831.79,1828.91,1807.85,6941.10790109,2023-08-16,2023-08-16 08:00:00
136,136,1692230400,1536.05,1810.04,1807.61,1681.44,32638.00172752,2023-08-17,2023-08-17 08:00:00
135,135,1692316800,1642.0,1699.39,1681.33,1661.81,31347.15071532,2023-08-18,2023-08-18 08:00:00
134,134,1692403200,1654.44,1696.6,1661.92,1669.96,8684.28007356,2023-08-19,2023-08-19 08:00:00
133,133,1692489600,1662.01,1694.69,1669.93,1685.47,8381.4727041,2023-08-20,2023-08-20 08:00:00
132,132,1692576000,1648.9,1688.26,1685.49,1667.71,16511.50897171,2023-08-21,2023-08-21 08:00:00
131,131,1692662400,1579.75,1669.18,1668.02,1635.36,22361.14023641,2023-08-22,2023-08-22 08:00:00
130,130,1692748800,1629.66,1702.21,1635.84,1679.61,21749.26342887,2023-08-23,2023-08-23 08:00:00
129,129,1692835200,1636.26,1683.52,1679.53,1661.4,10383.58047562,2023-08-24,2023-08-24 08:00:00
128,128,1692921600,1635.52,1676.96,1661.56,1653.8,12468.47475953,2023-08-25,2023-08-25 08:00:00
127,127,1693008000,1644.0,1655.48,1653.69,1647.17,1848.72817704,2023-08-26,2023-08-26 08:00:00
126,126,1693094400,1646.39,1660.06,1647.24,1657.87,1855.05075551,2023-08-27,2023-08-27 08:00:00
125,125,1693180800,1621.29,1663.66,1657.85,1653.8,14771.22814053,2023-08-28,2023-08-28 08:00:00
124,124,1693267200,1640.22,1745.64,1653.61,1729.48,23590.19677267,2023-08-29,2023-08-29 08:00:00
123,123,1693353600,1695.11,1731.05,1729.31,1705.39,12087.75250614,2023-08-30,2023-08-30 08:00:00
122,122,1693440000,1630.26,1727.03,1704.67,1646.19,19070.88058691,2023-08-31,2023-08-31 08:00:00
121,121,1693526400,1602.36,1654.31,1645.41,1629.45,15385.14611882,2023-09-01,2023-09-01 08:00:00
120,120,1693612800,1628.19,1645.0,1628.72,1637.0,3039.10741834,2023-09-02,2023-09-02 08:00:00
119,119,1693699200,1625.21,1647.35,1636.81,1636.13,4305.36914039,2023-09-03,2023-09-03 08:00:00
118,118,1693785600,1616.34,1644.58,1635.49,1630.47,6911.57821555,2023-09-04,2023-09-04 08:00:00
117,117,1693872000,1609.65,1647.91,1630.54,1634.66,8793.34747707,2023-09-05,2023-09-05 08:00:00
116,116,1693958400,1609.56,1671.38,1634.4,1633.19,10990.10715335,2023-09-06,2023-09-06 08:00:00
115,115,1694044800,1623.66,1660.03,1632.99,1648.16,12828.76775264,2023-09-07,2023-09-07 08:00:00
114,114,1694131200,1616.58,1659.08,1647.96,1636.52,12043.90087906,2023-09-08,2023-09-08 08:00:00
113,113,1694217600,1630.04,1637.42,1636.67,1635.78,1552.7116306,2023-09-09,2023-09-09 08:00:00
112,112,1694304000,1595.66,1635.85,1635.76,1617.43,8261.56979557,2023-09-10,2023-09-10 08:00:00
111,111,1694390400,1531.25,1618.89,1617.93,1552.13,22727.34579936,2023-09-11,2023-09-11 08:00:00
110,110,1694476800,1549.82,1625.12,1551.94,1592.95,17021.01826526,2023-09-12,2023-09-12 08:00:00
109,109,1694563200,1581.9,1619.07,1592.36,1607.84,12963.52152955,2023-09-13,2023-09-13 08:00:00
108,108,1694649600,1607.39,1644.0,1608.03,1626.68,10976.67143442,2023-09-14,2023-09-14 08:00:00
107,107,1694736000,1611.58,1653.51,1626.35,1641.68,5699.30140525,2023-09-15,2023-09-15 08:00:00
106,106,1694822400,1631.79,1652.51,1642.09,1634.75,1955.90710013,2023-09-16,2023-09-16 08:00:00
105,105,1694908800,1611.82,1635.09,1633.82,1622.38,3222.08750787,2023-09-17,2023-09-17 08:00:00
104,104,1694995200,1604.2,1668.85,1622.79,1636.85,11061.26092225,2023-09-18,2023-09-18 08:00:00
103,103,1695081600,1626.43,1661.04,1636.76,1643.35,7429.89476678,2023-09-19,2023-09-19 08:00:00
102,102,1695168000,1604.93,1649.3,1643.07,1622.55,5670.21310912,2023-09-20,2023-09-20 08:00:00
101,101,1695254400,1567.96,1624.81,1622.3,1584.01,6984.22724644,2023-09-21,2023-09-21 08:00:00
100,100,1695340800,1576.89,1602.65,1583.48,1593.11,3910.64837977,2023-09-22,2023-09-22 08:00:00
99,99,1695427200,1588.2,1598.02,1593.5,1594.01,998.18416575,2023-09-23,2023-09-23 08:00:00
98,98,1695513600,1570.4,1600.56,1593.66,1580.36,4330.27998107,2023-09-24,2023-09-24 08:00:00
97,97,1695600000,1563.0,1597.38,1579.27,1588.44,6883.31952336,2023-09-25,2023-09-25 08:00:00
96,96,1695686400,1580.38,1599.5,1588.52,1594.33,3757.08664513,2023-09-26,2023-09-26 08:00:00
95,95,1695772800,1583.57,1634.12,1594.33,1598.45,9239.05012712,2023-09-27,2023-09-27 08:00:00
94,94,1695859200,1598.02,1668.47,1598.16,1653.13,8584.36063289,2023-09-28,2023-09-28 08:00:00
93,93,1695945600,1648.5,1687.9,1653.24,1667.49,5908.94308148,2023-09-29,2023-09-29 08:00:00
92,92,1696032000,1666.35,1694.2,1666.74,1671.01,2609.42444365,2023-09-30,2023-09-30 08:00:00
91,91,1696118400,1668.26,1764.26,1670.43,1733.57,6326.29017851,2023-10-01,2023-10-01 08:00:00
90,90,1696204800,1635.74,1743.3,1733.9,1662.56,14304.75967994,2023-10-02,2023-10-02 08:00:00
89,89,1696291200,1643.44,1670.37,1662.38,1656.74,4443.05160633,2023-10-03,2023-10-03 08:00:00
88,88,1696377600,1624.43,1657.8,1656.92,1646.3,6724.44037812,2023-10-04,2023-10-04 08:00:00
87,87,1696464000,1606.91,1654.94,1646.47,1611.53,6930.32504832,2023-10-05,2023-10-05 08:00:00
86,86,1696550400,1611.38,1661.71,1611.94,1645.03,5617.59451089,2023-10-06,2023-10-06 08:00:00
85,85,1696636800,1629.86,1647.66,1645.01,1633.7,3784.86443137,2023-10-07,2023-10-07 08:00:00
84,84,1696723200,1616.16,1640.92,1633.52,1632.86,4584.39116909,2023-10-08,2023-10-08 08:00:00
83,83,1696809600,1547.08,1635.81,1632.59,1579.84,9958.21465055,2023-10-09,2023-10-09 08:00:00
82,82,1696896000,1549.99,1594.96,1579.97,1567.47,7236.29574992,2023-10-10,2023-10-10 08:00:00
81,81,1696982400,1544.08,1578.58,1568.21,1566.91,6229.47382416,2023-10-11,2023-10-11 08:00:00
80,80,1697068800,1520.2,1568.42,1566.57,1540.2,4638.36203926,2023-10-12,2023-10-12 08:00:00
79,79,1697155200,1537.82,1574.86,1539.86,1552.47,6465.30441291,2023-10-13,2023-10-13 08:00:00
78,78,1697241600,1544.63,1561.83,1552.82,1555.1,1179.68232734,2023-10-14,2023-10-14 08:00:00
77,77,1697328000,1548.41,1566.82,1555.32,1557.71,4961.40821406,2023-10-15,2023-10-15 08:00:00
76,76,1697414400,1555.82,1642.6,1557.98,1599.18,9634.60295518,2023-10-16,2023-10-16 08:00:00
75,75,1697500800,1551.51,1600.13,1599.3,1564.82,3490.62759719,2023-10-17,2023-10-17 08:00:00
74,74,1697587200,1555.9,1585.5,1564.83,1563.57,2777.04384548,2023-10-18,2023-10-18 08:00:00
73,73,1697673600,1541.63,1574.7,1562.14,1566.89,2738.07517472,2023-10-19,2023-10-19 08:00:00
72,72,1697760000,1562.57,1630.82,1567.66,1604.01,3891.21721008,2023-10-20,2023-10-20 08:00:00
71,71,1697846400,1592.39,1643.99,1604.08,1629.11,2592.95537175,2023-10-21,2023-10-21 08:00:00
70,70,1697932800,1621.62,1667.65,1629.27,1663.59,3248.08480613,2023-10-22,2023-10-22 08:00:00
69,69,1698019200,1657.45,1800.0,1663.41,1765.71,12257.79527928,2023-10-23,2023-10-23 08:00:00
68,68,1698105600,1756.34,1854.33,1765.84,1785.2,12312.02003159,2023-10-24,2023-10-24 08:00:00
67,67,1698192000,1759.86,1817.28,1785.09,1787.27,6121.16636258,2023-10-25,2023-10-25 08:00:00
66,66,1698278400,1763.25,1865.7,1786.66,1803.48,8781.38912554,2023-10-26,2023-10-26 08:00:00
65,65,1698364800,1744.44,1803.72,1802.23,1779.6,3109.61533301,2023-10-27,2023-10-27 08:00:00
64,64,1698451200,1770.93,1803.03,1780.74,1776.36,1122.8306993,2023-10-28,2023-10-28 08:00:00
63,63,1698537600,1762.87,1811.13,1774.03,1795.39,1898.31336447,2023-10-29,2023-10-29 08:00:00
62,62,1698624000,1777.8,1830.0,1795.47,1809.13,4055.26666279,2023-10-30,2023-10-30 08:00:00
61,61,1698710400,1781.37,1819.42,1808.99,1814.71,2831.47222336,2023-10-31,2023-10-31 08:00:00
60,60,1698796800,1783.32,1858.11,1814.78,1847.2,5273.86416802,2023-11-01,2023-11-01 08:00:00
59,59,1698883200,1784.95,1874.35,1847.86,1801.37,3621.88911922,2023-11-02,2023-11-02 08:00:00
58,58,1698969600,1776.67,1834.58,1800.7,1832.84,2411.66627913,2023-11-03,2023-11-03 08:00:00
57,57,1699056000,1824.13,1869.51,1832.9,1856.16,1087.78828865,2023-11-04,2023-11-04 08:00:00
56,56,1699142400,1846.21,1912.45,1856.5,1892.39,3551.52545918,2023-11-05,2023-11-05 08:00:00
55,55,1699228800,1869.61,1914.11,1892.15,1901.45,2192.95545638,2023-11-06,2023-11-06 08:00:00
54,54,1699315200,1850.86,1906.64,1901.63,1885.52,3145.80016577,2023-11-07,2023-11-07 08:00:00
53,53,1699401600,1873.29,1904.43,1886.02,1888.3,1690.51145597,2023-11-08,2023-11-08 08:00:00
52,52,1699488000,1882.16,2131.39,1888.54,2120.31,13728.90839456,2023-11-09,2023-11-09 08:00:00
51,51,1699574400,2065.65,2135.78,2121.03,2077.86,4750.47048021,2023-11-10,2023-11-10 08:00:00
50,50,1699660800,2031.0,2089.74,2077.93,2053.95,2269.21414862,2023-11-11,2023-11-11 08:00:00
49,49,1699747200,2013.15,2065.72,2053.31,2044.52,1707.04869284,2023-11-12,2023-11-12 08:00:00
48,48,1699833600,2028.87,2118.38,2046.49,2053.31,3578.19167708,2023-11-13,2023-11-13 08:00:00
47,47,1699920000,1927.16,2064.83,2054.07,1979.62,4538.47587088,2023-11-14,2023-11-14 08:00:00
46,46,1700006400,1967.15,2062.0,1979.73,2058.72,4797.13904119,2023-11-15,2023-11-15 08:00:00
45,45,1700092800,1938.92,2090.84,2056.21,1961.16,6350.40272118,2023-11-16,2023-11-16 08:00:00
44,44,1700179200,1905.6,1990.7,1961.16,1959.31,4952.47082124,2023-11-17,2023-11-17 08:00:00
43,43,1700265600,1917.14,1971.43,1959.06,1962.49,1098.58847979,2023-11-18,2023-11-18 08:00:00
42,42,1700352000,1943.95,2015.07,1962.34,2012.12,2050.69227916,2023-11-19,2023-11-19 08:00:00
41,41,1700438400,1992.14,2066.2,2010.86,2020.71,3825.01001498,2023-11-20,2023-11-20 08:00:00
40,40,1700524800,1931.0,2034.23,2019.44,1933.0,6931.95238111,2023-11-21,2023-11-21 08:00:00
39,39,1700611200,1929.28,2092.08,1932.36,2063.47,5285.57369435,2023-11-22,2023-11-22 08:00:00
38,38,1700697600,2040.31,2088.67,2063.27,2062.67,3202.12859863,2023-11-23,2023-11-23 08:00:00
37,37,1700784000,2060.31,2132.79,2062.15,2081.65,5291.93743826,2023-11-24,2023-11-24 08:00:00
36,36,1700870400,2065.97,2090.62,2080.06,2083.29,1235.45195708,2023-11-25,2023-11-25 08:00:00
35,35,1700956800,2037.27,2093.92,2082.93,2062.0,3286.78477185,2023-11-26,2023-11-26 08:00:00
34,34,1701043200,1986.0,2071.17,2062.58,2027.98,4455.50919741,2023-11-27,2023-11-27 08:00:00
33,33,1701129600,1995.24,2075.0,2027.75,2048.44,3700.08466953,2023-11-28,2023-11-28 08:00:00
32,32,1701216000,2019.38,2075.35,2048.76,2029.24,1903.55481794,2023-11-29,2023-11-29 08:00:00
31,31,1701302400,2020.61,2054.75,2028.52,2052.24,1669.3117875,2023-11-30,2023-11-30 08:00:00
30,30,1701388800,2045.71,2111.03,2052.73,2087.4,5404.4708496,2023-12-01,2023-12-01 08:00:00
29,29,1701475200,2086.64,2190.24,2087.66,2165.19,5022.13332721,2023-12-02,2023-12-02 08:00:00
28,28,1701561600,2150.0,2216.68,2165.3,2193.42,2836.0657993,2023-12-03,2023-12-03 08:00:00
27,27,1701648000,2192.27,2274.4,2193.09,2243.47,5282.6744271,2023-12-04,2023-12-04 08:00:00
26,26,1701734400,2188.74,2309.4,2242.25,2294.2,7949.5945195,2023-12-05,2023-12-05 08:00:00
25,25,1701820800,2219.84,2311.61,2292.07,2233.39,8930.92696819,2023-12-06,2023-12-06 08:00:00
24,24,1701907200,2222.53,2382.61,2233.26,2355.91,9714.7068885,2023-12-07,2023-12-07 08:00:00
23,23,1701993600,2336.56,2394.23,2355.85,2358.64,8958.89695654,2023-12-08,2023-12-08 08:00:00
22,22,1702080000,2329.0,2402.61,2359.09,2340.86,5454.16552179,2023-12-09,2023-12-09 08:00:00
21,21,1702166400,2322.33,2376.9,2340.86,2352.71,3542.86396335,2023-12-10,2023-12-10 08:00:00
20,20,1702252800,2139.44,2354.5,2352.26,2225.22,20337.6183346,2023-12-11,2023-12-11 08:00:00
19,19,1702339200,2166.07,2244.41,2225.14,2203.53,10959.17716768,2023-12-12,2023-12-12 08:00:00
18,18,1702425600,2145.4,2284.04,2203.7,2261.49,9442.66584574,2023-12-13,2023-12-13 08:00:00
17,17,1702512000,2226.87,2331.45,2261.69,2315.47,7252.68115351,2023-12-14,2023-12-14 08:00:00
16,16,1702598400,2199.25,2316.82,2315.73,2221.41,5704.76682968,2023-12-15,2023-12-15 08:00:00
15,15,1702684800,2209.87,2263.13,2220.3,2228.51,2522.04734014,2023-12-16,2023-12-16 08:00:00
14,14,1702771200,2191.72,2248.28,2228.71,2195.66,2916.76243907,2023-12-17,2023-12-17 08:00:00
13,13,1702857600,2117.38,2223.89,2196.08,2219.51,5377.32551626,2023-12-18,2023-12-18 08:00:00
12,12,1702944000,2136.51,2254.59,2219.62,2177.87,6127.36939036,2023-12-19,2023-12-19 08:00:00
11,11,1703030400,2157.69,2265.32,2178.16,2202.72,7713.36336453,2023-12-20,2023-12-20 08:00:00
10,10,1703116800,2182.94,2279.23,2199.41,2239.95,7001.77848815,2023-12-21,2023-12-21 08:00:00
9,9,1703203200,2230.3,2343.54,2241.49,2324.81,6547.58239916,2023-12-22,2023-12-22 08:00:00
8,8,1703289600,2265.1,2330.35,2325.66,2308.76,2433.49631044,2023-12-23,2023-12-23 08:00:00
7,7,1703376000,2243.08,2325.78,2308.44,2264.18,2370.29533513,2023-12-24,2023-12-24 08:00:00
6,6,1703462400,2253.22,2303.84,2264.25,2271.58,1603.74507916,2023-12-25,2023-12-25 08:00:00
5,5,1703548800,2178.36,2274.3,2271.33,2231.88,3006.73324463,2023-12-26,2023-12-26 08:00:00
4,4,1703635200,2212.09,2390.99,2230.93,2379.65,5560.92808454,2023-12-27,2023-12-27 08:00:00
3,3,1703721600,2335.13,2445.69,2379.54,2344.81,6598.91931008,2023-12-28,2023-12-28 08:00:00
2,2,1703808000,2255.99,2385.15,2344.53,2298.85,6061.67334254,2023-12-29,2023-12-29 08:00:00
1,1,1703894400,2268.03,2322.54,2295.47,2292.16,3196.13219083,2023-12-30,2023-12-30 08:00:00
0,0,1703980800,2259.0,2320.91,2291.62,2281.82,3518.45986643,2023-12-31,2023-12-31 08:00:00
66,66,1704067200,2266.12,2352.25,2281.15,2352.2,1448.19356971,2024-01-01,2024-01-01 08:00:00
65,65,1704153600,2342.13,2430.32,2351.52,2354.55,7070.74778685,2024-01-02,2024-01-02 08:00:00
64,64,1704240000,2080.93,2384.91,2355.21,2209.69,15314.60466902,2024-01-03,2024-01-03 08:00:00
63,63,1704326400,2202.05,2294.25,2208.86,2266.94,8708.18683624,2024-01-04,2024-01-04 08:00:00
62,62,1704412800,2206.76,2276.52,2268.0,2268.27,6774.63378231,2024-01-05,2024-01-05 08:00:00
61,61,1704499200,2216.41,2269.49,2269.04,2240.9,1755.82508899,2024-01-06,2024-01-06 08:00:00
60,60,1704585600,2205.4,2256.66,2240.95,2221.43,2365.44073875,2024-01-07,2024-01-07 08:00:00
59,59,1704672000,2166.75,2357.72,2220.95,2331.29,7210.8715241,2024-01-08,2024-01-08 08:00:00
58,58,1704758400,2226.77,2372.0,2331.8,2344.98,8021.66457438,2024-01-09,2024-01-09 08:00:00
57,57,1704844800,2340.51,2641.77,2346.28,2583.95,11557.43433787,2024-01-10,2024-01-10 08:00:00
56,56,1704931200,2566.0,2689.07,2583.85,2617.95,17309.38864132,2024-01-11,2024-01-11 08:00:00
55,55,1705017600,2457.19,2717.52,2619.41,2521.92,26955.31721985,2024-01-12,2024-01-12 08:00:00
54,54,1705104000,2497.95,2589.94,2521.4,2578.1,18239.69383604,2024-01-13,2024-01-13 08:00:00
53,53,1705190400,2469.65,2578.21,2575.02,2472.9,11779.04331195,2024-01-14,2024-01-14 08:00:00
52,52,1705276800,2470.83,2554.01,2473.11,2511.59,7262.63218102,2024-01-15,2024-01-15 08:00:00
51,51,1705363200,2500.0,2613.72,2511.71,2587.51,5450.96859673,2024-01-16,2024-01-16 08:00:00
50,50,1705449600,2507.31,2593.11,2587.41,2529.39,5262.18204369,2024-01-17,2024-01-17 08:00:00
49,49,1705536000,2428.48,2549.76,2529.31,2469.72,6236.45575495,2024-01-18,2024-01-18 08:00:00
48,48,1705622400,2414.53,2504.44,2469.17,2490.99,5005.78504233,2024-01-19,2024-01-19 08:00:00
47,47,1705708800,2454.8,2490.61,2490.61,2469.67,1436.07235461,2024-01-20,2024-01-20 08:00:00
46,46,1705795200,2453.18,2481.33,2470.86,2456.13,845.96839166,2024-01-21,2024-01-21 08:00:00
45,45,1705881600,2303.04,2465.77,2458.04,2314.11,9948.57652174,2024-01-22,2024-01-22 08:00:00
44,44,1705968000,2168.65,2351.31,2313.62,2243.06,10470.71625726,2024-01-23,2024-01-23 08:00:00
43,43,1706054400,2196.16,2264.49,2241.36,2234.51,5398.17004261,2024-01-24,2024-01-24 08:00:00
42,42,1706140800,2171.28,2242.34,2234.55,2218.79,3841.0526694,2024-01-25,2024-01-25 08:00:00
41,41,1706227200,2196.38,2281.8,2217.2,2269.03,4475.99254809,2024-01-26,2024-01-26 08:00:00
40,40,1706313600,2251.24,2282.76,2268.58,2267.78,1389.93226724,2024-01-27,2024-01-27 08:00:00
39,39,1706400000,2240.21,2308.19,2267.7,2257.34,2311.03912421,2024-01-28,2024-01-28 08:00:00
38,38,1706486400,2234.11,2322.44,2256.2,2318.0,2931.29523916,2024-01-29,2024-01-29 08:00:00
37,37,1706572800,2297.09,2391.27,2318.26,2342.28,3397.77647012,2024-01-30,2024-01-30 08:00:00
36,36,1706659200,2263.69,2351.76,2344.9,2283.25,3120.36476195,2024-01-31,2024-01-31 08:00:00
35,35,1706745600,2239.8,2311.91,2286.27,2304.52,2996.08702462,2024-02-01,2024-02-01 08:00:00
34,34,1706832000,2282.22,2325.09,2303.48,2309.7,2529.03517357,2024-02-02,2024-02-02 08:00:00
33,33,1706918400,2292.87,2329.96,2309.32,2296.28,1150.2177107,2024-02-03,2024-02-03 08:00:00
32,32,1707004800,2266.56,2311.01,2296.86,2289.53,1854.41507292,2024-02-04,2024-02-04 08:00:00
31,31,1707091200,2268.82,2338.51,2288.36,2301.96,2309.62302582,2024-02-05,2024-02-05 08:00:00
30,30,1707177600,2299.45,2392.82,2301.04,2373.08,6095.94298911,2024-02-06,2024-02-06 08:00:00
29,29,1707264000,2354.08,2445.14,2373.04,2426.33,4636.25220979,2024-02-07,2024-02-07 08:00:00
28,28,1707350400,2412.01,2462.89,2426.2,2420.66,4609.34364026,2024-02-08,2024-02-08 08:00:00
27,27,1707436800,2418.97,2523.83,2421.33,2487.3,5448.44031042,2024-02-09,2024-02-09 08:00:00
26,26,1707523200,2471.28,2516.23,2487.99,2500.86,1696.25538614,2024-02-10,2024-02-10 08:00:00
25,25,1707609600,2493.29,2539.73,2500.65,2507.04,1896.21533845,2024-02-11,2024-02-11 08:00:00
24,24,1707696000,2472.0,2665.39,2507.47,2661.4,5463.26856034,2024-02-12,2024-02-12 08:00:00
23,23,1707782400,2591.21,2686.18,2661.81,2641.29,6125.16683335,2024-02-13,2024-02-13 08:00:00
22,22,1707868800,2618.48,2786.26,2640.33,2775.17,4959.19495195,2024-02-14,2024-02-14 08:00:00
21,21,1707955200,2760.11,2866.67,2773.84,2822.93,9912.5133527,2024-02-15,2024-02-15 08:00:00
20,20,1708041600,2744.33,2857.37,2823.46,2801.88,6122.30773465,2024-02-16,2024-02-16 08:00:00
19,19,1708128000,2718.71,2804.03,2802.32,2784.81,3083.26704882,2024-02-17,2024-02-17 08:00:00
18,18,1708214400,2764.82,2895.24,2784.8,2882.3,3810.27369913,2024-02-18,2024-02-18 08:00:00
17,17,1708300800,2856.79,2985.16,2882.01,2944.14,6387.85057201,2024-02-19,2024-02-19 08:00:00
16,16,1708387200,2874.1,3032.45,2944.73,3014.72,10790.05702815,2024-02-20,2024-02-20 08:00:00
15,15,1708473600,2868.16,3016.72,3015.53,2967.29,9637.71419701,2024-02-21,2024-02-21 08:00:00
14,14,1708560000,2906.36,3036.44,2967.61,2971.28,8693.8451783,2024-02-22,2024-02-22 08:00:00
13,13,1708646400,2906.28,2993.48,2971.52,2922.0,5249.34181885,2024-02-23,2024-02-23 08:00:00
12,12,1708732800,2906.45,3005.5,2922.53,2992.48,2373.12308979,2024-02-24,2024-02-24 08:00:00
11,11,1708819200,2983.79,3122.13,2991.87,3114.03,6063.74460806,2024-02-25,2024-02-25 08:00:00
10,10,1708905600,3037.02,3195.98,3114.03,3178.15,6699.22553453,2024-02-26,2024-02-26 08:00:00
9,9,1708992000,3165.42,3288.18,3178.39,3242.42,8669.45439258,2024-02-27,2024-02-27 08:00:00
8,8,1709078400,3180.03,3488.19,3242.48,3382.44,12350.53501643,2024-02-28,2024-02-28 08:00:00
7,7,1709164800,3298.61,3521.99,3382.42,3339.58,14282.74714061,2024-02-29,2024-02-29 08:00:00
6,6,1709251200,3338.6,3450.06,3339.77,3433.71,7969.57703267,2024-03-01,2024-03-01 08:00:00
5,5,1709337600,3394.02,3460.08,3432.96,3420.79,3639.33111369,2024-03-02,2024-03-02 08:00:00
4,4,1709424000,3360.1,3492.66,3421.39,3487.57,5203.79080339,2024-03-03,2024-03-03 08:00:00
3,3,1709510400,3432.93,3641.14,3486.08,3627.66,11611.05697283,2024-03-04,2024-03-04 08:00:00
2,2,1709596800,3181.11,3821.87,3627.38,3554.01,33911.92553921,2024-03-05,2024-03-05 08:00:00
1,1,1709683200,3498.83,3901.7,3553.23,3819.62,25836.86938388,2024-03-06,2024-03-06 08:00:00
0,0,1709769600,3734.51,3852.61,3819.82,3762.55,3467.20328891,2024-03-07,2024-03-07 08:00:00
