,归集成交id,成交价,成交量,归集首个id,归集末个id,成交时间,是否主卖,最优戳和,UTC时间,北京时间
,a,p,q,f,l,T,m,M,datetime_utc,datetime_bj
0,2783515814,43903.74,0.00104,3314657946,3314657946,1.70222E+12,FALSE,TRUE,00:00.0,2023-12-11 00:00:00+08:00
1,2783515815,43903.74,0.0021,3314657947,3314657947,1.70222E+12,FALSE,TRUE,00:00.0,2023-12-11 00:00:00.003000+08:00
2,2783515816,43903.74,0.00168,3314657948,3314657948,1.70222E+12,FALSE,TRUE,00:00.0,2023-12-11 00:00:00.003000+08:00
3,2783515817,43903.74,0.00062,3314657949,3314657949,1.70222E+12,FALSE,TRUE,00:00.0,2023-12-11 00:00:00.005000+08:00
4,2783515818,43903.74,0.00202,3314657950,3314657950,1.70222E+12,FALSE,TRUE,00:00.0,2023-12-11 00:00:00.005000+08:00
5,2783515819,43903.73,0.00223,3314657951,3314657951,1.70222E+12,TRUE,TRUE,00:00.0,2023-12-11 00:00:00.005000+08:00
6,2783515820,43903.74,0.00082,3314657952,3314657952,1.70222E+12,FALSE,TRUE,00:00.0,2023-12-11 00:00:00.007000+08:00
7,2783515821,43903.73,0.00038,3314657953,3314657953,1.70222E+12,TRUE,TRUE,00:00.0,2023-12-11 00:00:00.007000+08:00
8,2783515822,43903.73,0.0017,3314657954,3314657954,1.70222E+12,TRUE,TRUE,00:00.0,2023-12-11 00:00:00.008000+08:00
9,2783515823,43903.74,0.0015,3314657955,3314657955,1.70222E+12,FALSE,TRUE,00:00.0,2023-12-11 00:00:00.008000+08:00
10,2783515824,43903.74,0.00064,3314657956,3314657956,1.70222E+12,FALSE,TRUE,00:00.0,2023-12-11 00:00:00.009000+08:00
11,2783515825,43903.73,0.00049,3314657957,3314657957,1.70222E+12,TRUE,TRUE,00:00.0,2023-12-11 00:00:00.009000+08:00
12,2783515826,43903.73,0.00186,3314657958,3314657958,1.70222E+12,TRUE,TRUE,00:00.0,2023-12-11 00:00:00.009000+08:00
13,2783515827,43903.73,0.00234,3314657959,3314657959,1.70222E+12,TRUE,TRUE,00:00.0,2023-12-11 00:00:00.010000+08:00
14,2783515828,43903.73,0.00249,3314657960,3314657960,1.70222E+12,TRUE,TRUE,00:00.0,2023-12-11 00:00:00.010000+08:00
15,2783515829,43903.74,0.00162,3314657961,3314657961,1.70222E+12,FALSE,TRUE,00:00.0,2023-12-11 00:00:00.010000+08:00
16,2783515830,43903.74,0.00062,3314657962,3314657962,1.70222E+12,FALSE,TRUE,00:00.0,2023-12-11 00:00:00.010000+08:00
17,2783515831,43903.73,0.00136,3314657963,3314657963,1.70222E+12,TRUE,TRUE,00:00.0,2023-12-11 00:00:00.011000+08:00
18,2783515832,43903.74,0.00089,3314657964,3314657964,1.70222E+12,FALSE,TRUE,00:00.0,2023-12-11 00:00:00.011000+08:00
19,2783515833,43903.73,0.00137,3314657965,3314657965,1.70222E+12,TRUE,TRUE,00:00.0,2023-12-11 00:00:00.011000+08:00
20,2783515834,43903.73,0.00147,3314657966,3314657966,1.70222E+12,TRUE,TRUE,00:00.0,2023-12-11 00:00:00.012000+08:00
21,2783515835,43903.74,0.00213,3314657967,3314657967,1.70222E+12,FALSE,TRUE,00:00.0,2023-12-11 00:00:00.013000+08:00
22,2783515836,43903.73,0.00224,3314657968,3314657968,1.70222E+12,TRUE,TRUE,00:00.0,2023-12-11 00:00:00.013000+08:00
23,2783515837,43903.74,0.00135,3314657969,3314657969,1.70222E+12,FALSE,TRUE,00:00.0,2023-12-11 00:00:00.014000+08:00
24,2783515838,43903.74,0.00142,3314657970,3314657970,1.70222E+12,FALSE,TRUE,00:00.0,2023-12-11 00:00:00.016000+08:00
25,2783515839,43903.74,0.00085,3314657971,3314657971,1.70222E+12,FALSE,TRUE,00:00.0,2023-12-11 00:00:00.018000+08:00
26,2783515840,43903.73,0.00046,3314657972,3314657972,1.70222E+12,TRUE,TRUE,00:00.0,2023-12-11 00:00:00.022000+08:00
27,2783515841,43903.73,0.00213,3314657973,3314657973,1.70222E+12,TRUE,TRUE,00:00.0,2023-12-11 00:00:00.022000+08:00
28,2783515842,43903.74,0.001,3314657974,3314657974,1.70222E+12,FALSE,TRUE,00:00.2,2023-12-11 00:00:00.178000+08:00
29,2783515843,43903.74,0.00166,3314657975,3314657975,1.70222E+12,FALSE,TRUE,00:00.3,2023-12-11 00:00:00.251000+08:00
30,2783515844,43903.74,0.00027,3314657976,3314657976,1.70222E+12,FALSE,TRUE,00:00.3,2023-12-11 00:00:00.314000+08:00
31,2783515845,43903.74,0.00092,3314657977,3314657977,1.70222E+12,FALSE,TRUE,00:00.8,2023-12-11 00:00:00.785000+08:00
32,2783515846,43903.74,0.02171,3314657978,3314657978,1.70222E+12,FALSE,TRUE,00:00.9,2023-12-11 00:00:00.942000+08:00
33,2783515847,43903.74,0.00083,3314657979,3314657979,1.70222E+12,FALSE,TRUE,00:01.0,2023-12-11 00:00:00.953000+08:00
34,2783515848,43903.74,0.00291,3314657980,3314657980,1.70222E+12,FALSE,TRUE,00:01.0,2023-12-11 00:00:00.964000+08:00
35,2783515849,43903.74,0.00071,3314657981,3314657981,1.70222E+12,FALSE,TRUE,00:01.1,2023-12-11 00:00:01.059000+08:00
36,2783515850,43903.74,0.05036,3314657982,3314657983,1.70222E+12,FALSE,TRUE,00:01.1,2023-12-11 00:00:01.075000+08:00
37,2783515851,43903.73,0.26281,3314657984,3314657985,1.70222E+12,TRUE,TRUE,00:02.2,2023-12-11 00:00:02.193000+08:00
38,2783515852,43903.73,0.00623,3314657986,3314657986,1.70222E+12,TRUE,TRUE,00:02.4,2023-12-11 00:00:02.413000+08:00
39,2783515853,43903.73,0.0028,3314657987,3314657987,1.70222E+12,TRUE,TRUE,00:02.4,2023-12-11 00:00:02.436000+08:00
40,2783515854,43903.73,0.00498,3314657988,3314657988,1.70222E+12,TRUE,TRUE,00:02.6,2023-12-11 00:00:02.610000+08:00
41,2783515855,43903.73,0.09678,3314657989,3314657990,1.70222E+12,TRUE,TRUE,00:02.7,2023-12-11 00:00:02.733000+08:00
42,2783515856,43903.73,0.56,3314657991,3314657997,1.70222E+12,TRUE,TRUE,00:02.7,2023-12-11 00:00:02.733000+08:00
43,2783515857,43903.73,0.51958,3314657998,3314658003,1.70222E+12,TRUE,TRUE,00:02.7,2023-12-11 00:00:02.734000+08:00
44,2783515858,43903.73,0.00104,3314658004,3314658004,1.70222E+12,TRUE,TRUE,00:02.8,2023-12-11 00:00:02.751000+08:00
45,2783515859,43903.73,0.00064,3314658005,3314658005,1.70222E+12,TRUE,TRUE,00:02.8,2023-12-11 00:00:02.754000+08:00
46,2783515860,43903.73,0.00249,3314658006,3314658006,1.70222E+12,TRUE,TRUE,00:02.9,2023-12-11 00:00:02.887000+08:00
47,2783515861,43903.74,0.02355,3314658007,3314658007,1.70222E+12,FALSE,TRUE,00:03.0,2023-12-11 00:00:03.026000+08:00
48,2783515862,43903.73,0.0006,3314658008,3314658008,1.70222E+12,TRUE,TRUE,00:03.2,2023-12-11 00:00:03.192000+08:00
49,2783515863,43903.73,0.00828,3314658009,3314658009,1.70222E+12,TRUE,TRUE,00:03.3,2023-12-11 00:00:03.260000+08:00
50,2783515864,43903.74,0.00413,3314658010,3314658010,1.70222E+12,FALSE,TRUE,00:03.4,2023-12-11 00:00:03.361000+08:00
51,2783515865,43903.74,0.0047,3314658011,3314658011,1.70222E+12,FALSE,TRUE,00:03.4,2023-12-11 00:00:03.373000+08:00
52,2783515866,43903.74,0.36021,3314658012,3314658012,1.70222E+12,FALSE,TRUE,00:03.4,2023-12-11 00:00:03.405000+08:00
53,2783515867,43903.73,0.00207,3314658013,3314658013,1.70222E+12,TRUE,TRUE,00:03.5,2023-12-11 00:00:03.452000+08:00
54,2783515868,43903.74,0.03518,3314658014,3314658014,1.70222E+12,FALSE,TRUE,00:03.5,2023-12-11 00:00:03.462000+08:00
55,2783515869,43903.73,0.00297,3314658015,3314658015,1.70222E+12,TRUE,TRUE,00:03.5,2023-12-11 00:00:03.478000+08:00
56,2783515870,43903.74,0.6746,3314658016,3314658016,1.70222E+12,FALSE,TRUE,00:03.5,2023-12-11 00:00:03.501000+08:00
57,2783515871,43903.73,0.00251,3314658017,3314658017,1.70222E+12,TRUE,TRUE,00:03.5,2023-12-11 00:00:03.509000+08:00
58,2783515872,43903.74,0.01126,3314658018,3314658018,1.70222E+12,FALSE,TRUE,00:03.5,2023-12-11 00:00:03.534000+08:00
59,2783515873,43903.74,0.04689,3314658019,3314658019,1.70222E+12,FALSE,TRUE,00:03.5,2023-12-11 00:00:03.538000+08:00
60,2783515874,43903.73,0.00015,3314658020,3314658020,1.70222E+12,TRUE,TRUE,00:03.6,2023-12-11 00:00:03.556000+08:00
61,2783515875,43903.74,0.23732,3314658021,3314658021,1.70222E+12,FALSE,TRUE,00:03.6,2023-12-11 00:00:03.577000+08:00
62,2783515876,43903.74,0.01181,3314658022,3314658022,1.70222E+12,FALSE,TRUE,00:03.6,2023-12-11 00:00:03.604000+08:00
63,2783515877,43903.73,0.00069,3314658023,3314658023,1.70222E+12,TRUE,TRUE,00:03.6,2023-12-11 00:00:03.646000+08:00
64,2783515878,43903.74,0.01164,3314658024,3314658024,1.70222E+12,FALSE,TRUE,00:03.7,2023-12-11 00:00:03.711000+08:00
65,2783515879,43903.74,0.00644,3314658025,3314658025,1.70222E+12,FALSE,TRUE,00:03.7,2023-12-11 00:00:03.723000+08:00
66,2783515880,43903.74,0.00061,3314658026,3314658027,1.70222E+12,FALSE,TRUE,00:03.7,2023-12-11 00:00:03.727000+08:00
67,2783515881,43903.73,0.00043,3314658028,3314658029,1.70222E+12,TRUE,TRUE,00:03.8,2023-12-11 00:00:03.810000+08:00
68,2783515882,43903.74,0.0021,3314658030,3314658030,1.70222E+12,FALSE,TRUE,00:03.8,2023-12-11 00:00:03.847000+08:00
69,2783515883,43903.74,0.02271,3314658031,3314658031,1.70222E+12,FALSE,TRUE,00:03.9,2023-12-11 00:00:03.880000+08:00
70,2783515884,43903.74,0.45043,3314658032,3314658042,1.70222E+12,FALSE,TRUE,00:03.9,2023-12-11 00:00:03.919000+08:00
71,2783515885,43903.74,0.01126,3314658043,3314658043,1.70222E+12,FALSE,TRUE,00:04.0,2023-12-11 00:00:04.020000+08:00
72,2783515886,43903.73,0.00695,3314658044,3314658044,1.70222E+12,TRUE,TRUE,00:04.1,2023-12-11 00:00:04.071000+08:00
73,2783515887,43903.73,0.01161,3314658045,3314658045,1.70222E+12,TRUE,TRUE,00:04.3,2023-12-11 00:00:04.254000+08:00
74,2783515888,43903.74,0.02847,3314658046,3314658046,1.70222E+12,FALSE,TRUE,00:04.3,2023-12-11 00:00:04.334000+08:00
75,2783515889,43903.74,0.00181,3314658047,3314658047,1.70222E+12,FALSE,TRUE,00:04.5,2023-12-11 00:00:04.467000+08:00
76,2783515890,43903.74,0.00273,3314658048,3314658048,1.70222E+12,FALSE,TRUE,00:04.5,2023-12-11 00:00:04.526000+08:00
77,2783515891,43903.74,0.00342,3314658049,3314658049,1.70222E+12,FALSE,TRUE,00:04.5,2023-12-11 00:00:04.529000+08:00
78,2783515892,43903.74,0.00086,3314658050,3314658050,1.70222E+12,FALSE,TRUE,00:04.6,2023-12-11 00:00:04.570000+08:00
79,2783515893,43903.73,0.00373,3314658051,3314658051,1.70222E+12,TRUE,TRUE,00:04.8,2023-12-11 00:00:04.849000+08:00
80,2783515894,43903.73,0.00209,3314658052,3314658052,1.70222E+12,TRUE,TRUE,00:05.0,2023-12-11 00:00:05+08:00
81,2783515895,43903.74,0.00257,3314658053,3314658053,1.70222E+12,FALSE,TRUE,00:05.1,2023-12-11 00:00:05.137000+08:00
82,2783515896,43903.74,0.00358,3314658054,3314658054,1.70222E+12,FALSE,TRUE,00:05.2,2023-12-11 00:00:05.216000+08:00
83,2783515897,43903.74,0.00068,3314658055,3314658055,1.70222E+12,FALSE,TRUE,00:05.2,2023-12-11 00:00:05.241000+08:00
84,2783515898,43903.74,0.00084,3314658056,3314658056,1.70222E+12,FALSE,TRUE,00:05.2,2023-12-11 00:00:05.248000+08:00
85,2783515899,43903.74,0.01141,3314658057,3314658057,1.70222E+12,FALSE,TRUE,00:05.3,2023-12-11 00:00:05.321000+08:00
86,2783515900,43903.74,0.47501,3314658058,3314658063,1.70222E+12,FALSE,TRUE,00:05.4,2023-12-11 00:00:05.369000+08:00
87,2783515901,43903.74,0.04556,3314658064,3314658064,1.70222E+12,FALSE,TRUE,00:05.6,2023-12-11 00:00:05.607000+08:00
88,2783515902,43903.74,0.00112,3314658065,3314658065,1.70222E+12,FALSE,TRUE,00:05.7,2023-12-11 00:00:05.707000+08:00
89,2783515903,43903.74,0.00023,3314658066,3314658066,1.70222E+12,FALSE,TRUE,00:06.1,2023-12-11 00:00:06.091000+08:00
90,2783515904,43903.73,0.0023,3314658067,3314658067,1.70222E+12,TRUE,TRUE,00:06.3,2023-12-11 00:00:06.310000+08:00
91,2783515905,43903.74,0.00277,3314658068,3314658068,1.70222E+12,FALSE,TRUE,00:06.4,2023-12-11 00:00:06.382000+08:00
92,2783515906,43903.74,0.001,3314658069,3314658069,1.70222E+12,FALSE,TRUE,00:06.6,2023-12-11 00:00:06.587000+08:00
93,2783515907,43903.73,0.00425,3314658070,3314658070,1.70222E+12,TRUE,TRUE,00:06.7,2023-12-11 00:00:06.713000+08:00
94,2783515908,43903.74,0.00542,3314658071,3314658071,1.70222E+12,FALSE,TRUE,00:07.1,2023-12-11 00:00:07.123000+08:00
95,2783515909,43903.73,0.00015,3314658072,3314658072,1.70222E+12,TRUE,TRUE,00:07.2,2023-12-11 00:00:07.160000+08:00
96,2783515910,43903.73,0.00455,3314658073,3314658073,1.70222E+12,TRUE,TRUE,00:07.2,2023-12-11 00:00:07.186000+08:00
97,2783515911,43903.74,0.01142,3314658074,3314658074,1.70222E+12,FALSE,TRUE,00:07.2,2023-12-11 00:00:07.188000+08:00
98,2783515912,43903.74,0.00328,3314658075,3314658075,1.70222E+12,FALSE,TRUE,00:07.3,2023-12-11 00:00:07.325000+08:00
99,2783515913,43903.74,0.02549,3314658076,3314658076,1.70222E+12,FALSE,TRUE,00:07.3,2023-12-11 00:00:07.349000+08:00
100,2783515914,43903.74,0.00382,3314658077,3314658077,1.70222E+12,FALSE,TRUE,00:07.4,2023-12-11 00:00:07.372000+08:00
101,2783515915,43903.74,0.0043,3314658078,3314658078,1.70222E+12,FALSE,TRUE,00:07.4,2023-12-11 00:00:07.396000+08:00
102,2783515916,43903.74,0.00062,3314658079,3314658079,1.70222E+12,FALSE,TRUE,00:07.4,2023-12-11 00:00:07.411000+08:00
103,2783515917,43903.74,0.00384,3314658080,3314658080,1.70222E+12,FALSE,TRUE,00:07.4,2023-12-11 00:00:07.419000+08:00
104,2783515918,43903.74,0.01379,3314658081,3314658081,1.70222E+12,FALSE,TRUE,00:07.5,2023-12-11 00:00:07.518000+08:00
105,2783515919,43903.74,0.01316,3314658082,3314658082,1.70222E+12,FALSE,TRUE,00:08.0,2023-12-11 00:00:08.031000+08:00
106,2783515920,43903.74,0.00014,3314658083,3314658083,1.70222E+12,FALSE,TRUE,00:08.8,2023-12-11 00:00:08.835000+08:00
107,2783515921,43903.73,0.00078,3314658084,3314658084,1.70222E+12,TRUE,TRUE,00:09.1,2023-12-11 00:00:09.082000+08:00
108,2783515922,43903.74,0.02278,3314658085,3314658085,1.70222E+12,FALSE,TRUE,00:09.1,2023-12-11 00:00:09.110000+08:00
109,2783515923,43903.74,0.01225,3314658086,3314658086,1.70222E+12,FALSE,TRUE,00:09.2,2023-12-11 00:00:09.188000+08:00
110,2783515924,43903.73,0.00309,3314658087,3314658087,1.70222E+12,TRUE,TRUE,00:09.2,2023-12-11 00:00:09.192000+08:00
111,2783515925,43903.74,0.01212,3314658088,3314658088,1.70222E+12,FALSE,TRUE,00:09.3,2023-12-11 00:00:09.258000+08:00
112,2783515926,43903.74,0.00487,3314658089,3314658089,1.70222E+12,FALSE,TRUE,00:09.5,2023-12-11 00:00:09.549000+08:00
113,2783515927,43903.74,0.05242,3314658090,3314658090,1.70222E+12,FALSE,TRUE,00:09.6,2023-12-11 00:00:09.572000+08:00
114,2783515928,43903.74,0.00109,3314658091,3314658091,1.70222E+12,FALSE,TRUE,00:09.6,2023-12-11 00:00:09.586000+08:00
115,2783515929,43903.74,0.00103,3314658092,3314658092,1.70222E+12,FALSE,TRUE,00:09.6,2023-12-11 00:00:09.588000+08:00
116,2783515930,43903.74,0.05815,3314658093,3314658093,1.70222E+12,FALSE,TRUE,00:09.6,2023-12-11 00:00:09.595000+08:00
117,2783515931,43903.74,0.06249,3314658094,3314658094,1.70222E+12,FALSE,TRUE,00:09.6,2023-12-11 00:00:09.619000+08:00
118,2783515932,43903.74,0.05761,3314658095,3314658095,1.70222E+12,FALSE,TRUE,00:09.6,2023-12-11 00:00:09.643000+08:00
119,2783515933,43903.74,0.06237,3314658096,3314658097,1.70222E+12,FALSE,TRUE,00:09.7,2023-12-11 00:00:09.667000+08:00
120,2783515934,43903.74,0.05291,3314658098,3314658098,1.70222E+12,FALSE,TRUE,00:09.7,2023-12-11 00:00:09.690000+08:00
121,2783515935,43903.74,0.02033,3314658099,3314658099,1.70222E+12,FALSE,TRUE,00:09.7,2023-12-11 00:00:09.714000+08:00
122,2783515936,43903.73,0.0003,3314658100,3314658100,1.70222E+12,TRUE,TRUE,00:10.7,2023-12-11 00:00:10.694000+08:00
123,2783515937,43903.73,0.00143,3314658101,3314658101,1.70222E+12,TRUE,TRUE,00:10.9,2023-12-11 00:00:10.896000+08:00
124,2783515938,43903.73,0.00148,3314658102,3314658102,1.70222E+12,TRUE,TRUE,00:11.1,2023-12-11 00:00:11.077000+08:00
125,2783515939,43903.74,0.00034,3314658103,3314658103,1.70222E+12,FALSE,TRUE,00:11.3,2023-12-11 00:00:11.333000+08:00
126,2783515940,43903.74,0.0014,3314658104,3314658104,1.70222E+12,FALSE,TRUE,00:11.4,2023-12-11 00:00:11.383000+08:00
127,2783515941,43903.74,0.0002,3314658105,3314658105,1.70222E+12,FALSE,TRUE,00:11.4,2023-12-11 00:00:11.435000+08:00
128,2783515942,43903.74,0.00052,3314658106,3314658106,1.70222E+12,FALSE,TRUE,00:11.8,2023-12-11 00:00:11.782000+08:00
129,2783515943,43903.73,0.00072,3314658107,3314658107,1.70222E+12,TRUE,TRUE,00:12.4,2023-12-11 00:00:12.428000+08:00
130,2783515944,43903.73,0.00045,3314658108,3314658108,1.70222E+12,TRUE,TRUE,00:12.5,2023-12-11 00:00:12.454000+08:00
131,2783515945,43903.74,0.05386,3314658109,3314658114,1.70222E+12,FALSE,TRUE,00:12.6,2023-12-11 00:00:12.599000+08:00
132,2783515946,43903.74,0.06111,3314658115,3314658115,1.70222E+12,FALSE,TRUE,00:12.6,2023-12-11 00:00:12.622000+08:00
133,2783515947,43903.74,0.0517,3314658116,3314658117,1.70222E+12,FALSE,TRUE,00:12.6,2023-12-11 00:00:12.646000+08:00
134,2783515948,43903.74,0.0167,3314658118,3314658118,1.70222E+12,FALSE,TRUE,00:12.7,2023-12-11 00:00:12.675000+08:00
135,2783515949,43903.73,0.00017,3314658119,3314658119,1.70222E+12,TRUE,TRUE,00:12.9,2023-12-11 00:00:12.939000+08:00
136,2783515950,43903.74,0.26565,3314658120,3314658123,1.70222E+12,FALSE,TRUE,00:13.0,2023-12-11 00:00:12.958000+08:00
137,2783515951,43903.74,0.47085,3314658124,3314658126,1.70222E+12,FALSE,TRUE,00:13.0,2023-12-11 00:00:12.978000+08:00
138,2783515952,43903.74,0.26564,3314658127,3314658129,1.70222E+12,FALSE,TRUE,00:13.0,2023-12-11 00:00:12.982000+08:00
139,2783515953,43903.86,0.07968,3314658130,3314658130,1.70222E+12,FALSE,TRUE,00:13.0,2023-12-11 00:00:12.982000+08:00
140,2783515954,43903.86,0.03353,3314658131,3314658131,1.70222E+12,FALSE,TRUE,00:13.0,2023-12-11 00:00:12.983000+08:00
141,2783515955,43904.02,0.00216,3314658132,3314658132,1.70222E+12,FALSE,TRUE,00:13.0,2023-12-11 00:00:12.987000+08:00
142,2783515956,43904.16,0.00213,3314658133,3314658133,1.70222E+12,FALSE,TRUE,00:13.0,2023-12-11 00:00:12.987000+08:00
143,2783515957,43904.38,0.00123,3314658134,3314658134,1.70222E+12,TRUE,TRUE,00:13.0,2023-12-11 00:00:12.995000+08:00
144,2783515958,43904.38,0.00082,3314658135,3314658135,1.70222E+12,TRUE,TRUE,00:13.0,2023-12-11 00:00:13.003000+08:00
145,2783515959,43904.39,0.00012,3314658136,3314658136,1.70222E+12,FALSE,TRUE,00:13.1,2023-12-11 00:00:13.053000+08:00
146,2783515960,43904.39,0.00155,3314658137,3314658137,1.70222E+12,FALSE,TRUE,00:13.1,2023-12-11 00:00:13.123000+08:00
147,2783515961,43904.38,0.00021,3314658138,3314658138,1.70222E+12,TRUE,TRUE,00:13.2,2023-12-11 00:00:13.194000+08:00
148,2783515962,43904.39,0.00244,3314658139,3314658139,1.70222E+12,FALSE,TRUE,00:13.2,2023-12-11 00:00:13.205000+08:00
149,2783515963,43904.38,0.00297,3314658140,3314658141,1.70222E+12,TRUE,TRUE,00:13.2,2023-12-11 00:00:13.235000+08:00
150,2783515964,43904.39,0.00022,3314658142,3314658142,1.70222E+12,FALSE,TRUE,00:13.4,2023-12-11 00:00:13.432000+08:00
151,2783515965,43904.38,0.06344,3314658143,3314658143,1.70222E+12,TRUE,TRUE,00:13.5,2023-12-11 00:00:13.548000+08:00
152,2783515966,43904.38,0.01064,3314658144,3314658144,1.70222E+12,TRUE,TRUE,00:14.0,2023-12-11 00:00:13.984000+08:00
153,2783515967,43904.38,0.00043,3314658145,3314658145,1.70222E+12,TRUE,TRUE,00:14.1,2023-12-11 00:00:14.055000+08:00
154,2783515968,43904.38,0.00197,3314658146,3314658146,1.70222E+12,TRUE,TRUE,00:14.3,2023-12-11 00:00:14.310000+08:00
155,2783515969,43904.38,0.00683,3314658147,3314658147,1.70222E+12,TRUE,TRUE,00:14.9,2023-12-11 00:00:14.924000+08:00
156,2783515970,43904.39,0.22904,3314658148,3314658150,1.70222E+12,FALSE,TRUE,00:15.1,2023-12-11 00:00:15.065000+08:00
157,2783515971,43904.52,0.00216,3314658151,3314658151,1.70222E+12,FALSE,TRUE,00:15.1,2023-12-11 00:00:15.066000+08:00
158,2783515972,43904.57,0.00541,3314658152,3314658152,1.70222E+12,FALSE,TRUE,00:15.1,2023-12-11 00:00:15.066000+08:00
159,2783515973,43904.64,0.00213,3314658153,3314658153,1.70222E+12,FALSE,TRUE,00:15.1,2023-12-11 00:00:15.066000+08:00
160,2783515974,43905.02,0.00216,3314658154,3314658154,1.70222E+12,FALSE,TRUE,00:15.1,2023-12-11 00:00:15.066000+08:00
161,2783515975,43905.12,0.00213,3314658155,3314658155,1.70222E+12,FALSE,TRUE,00:15.1,2023-12-11 00:00:15.066000+08:00
162,2783515976,43905.39,0.035,3314658156,3314658156,1.70222E+12,FALSE,TRUE,00:15.1,2023-12-11 00:00:15.066000+08:00
163,2783515977,43905.4,0.17093,3314658157,3314658161,1.70222E+12,FALSE,TRUE,00:15.1,2023-12-11 00:00:15.066000+08:00
164,2783515978,43905.43,0.02023,3314658162,3314658162,1.70222E+12,FALSE,TRUE,00:15.1,2023-12-11 00:00:15.066000+08:00
165,2783515979,43905.43,0.14667,3314658163,3314658163,1.70222E+12,FALSE,TRUE,00:15.1,2023-12-11 00:00:15.069000+08:00
166,2783515980,43905.43,0.3331,3314658164,3314658164,1.70222E+12,FALSE,TRUE,00:15.1,2023-12-11 00:00:15.069000+08:00
167,2783515981,43905.52,0.00216,3314658165,3314658165,1.70222E+12,FALSE,TRUE,00:15.1,2023-12-11 00:00:15.069000+08:00
168,2783515982,43905.6,0.00213,3314658166,3314658166,1.70222E+12,FALSE,TRUE,00:15.1,2023-12-11 00:00:15.069000+08:00
169,2783515983,43905.93,0.04538,3314658167,3314658167,1.70222E+12,TRUE,TRUE,00:15.1,2023-12-11 00:00:15.101000+08:00
170,2783515984,43905.94,0.00655,3314658168,3314658168,1.70222E+12,FALSE,TRUE,00:15.1,2023-12-11 00:00:15.114000+08:00
171,2783515985,43905.94,0.22615,3314658169,3314658171,1.70222E+12,FALSE,TRUE,00:15.1,2023-12-11 00:00:15.118000+08:00
172,2783515986,43906.02,0.00216,3314658172,3314658172,1.70222E+12,FALSE,TRUE,00:15.1,2023-12-11 00:00:15.118000+08:00
173,2783515987,43906.08,0.00213,3314658173,3314658173,1.70222E+12,FALSE,TRUE,00:15.1,2023-12-11 00:00:15.118000+08:00
174,2783515988,43906.23,0.00541,3314658174,3314658174,1.70222E+12,FALSE,TRUE,00:15.1,2023-12-11 00:00:15.118000+08:00
175,2783515989,43906.45,0.00694,3314658175,3314658175,1.70222E+12,FALSE,TRUE,00:15.1,2023-12-11 00:00:15.118000+08:00
176,2783515990,43906.52,0.00216,3314658176,3314658176,1.70222E+12,FALSE,TRUE,00:15.1,2023-12-11 00:00:15.118000+08:00
177,2783515991,43906.56,0.00213,3314658177,3314658177,1.70222E+12,FALSE,TRUE,00:15.1,2023-12-11 00:00:15.118000+08:00
178,2783515992,43906.73,0.12985,3314658178,3314658178,1.70222E+12,FALSE,TRUE,00:15.1,2023-12-11 00:00:15.118000+08:00
179,2783515993,43907.02,0.00216,3314658179,3314658179,1.70222E+12,FALSE,TRUE,00:15.1,2023-12-11 00:00:15.118000+08:00
180,2783515994,43907.04,0.00213,3314658180,3314658180,1.70222E+12,FALSE,TRUE,00:15.1,2023-12-11 00:00:15.118000+08:00
181,2783515995,43907.06,0.00541,3314658181,3314658181,1.70222E+12,FALSE,TRUE,00:15.1,2023-12-11 00:00:15.118000+08:00
182,2783515996,43907.49,0.09108,3314658182,3314658182,1.70222E+12,FALSE,TRUE,00:15.1,2023-12-11 00:00:15.118000+08:00
183,2783515997,43907.52,0.00429,3314658183,3314658184,1.70222E+12,FALSE,TRUE,00:15.1,2023-12-11 00:00:15.118000+08:00
184,2783515998,43907.81,0.00541,3314658185,3314658185,1.70222E+12,FALSE,TRUE,00:15.1,2023-12-11 00:00:15.118000+08:00
185,2783515999,43907.89,0.00541,3314658186,3314658186,1.70222E+12,FALSE,TRUE,00:15.1,2023-12-11 00:00:15.118000+08:00
186,2783516000,43907.91,0.0002,3314658187,3314658187,1.70222E+12,FALSE,TRUE,00:15.1,2023-12-11 00:00:15.118000+08:00
187,2783516001,43908,0.00213,3314658188,3314658188,1.70222E+12,FALSE,TRUE,00:15.1,2023-12-11 00:00:15.118000+08:00
188,2783516002,43908.02,0.00216,3314658189,3314658189,1.70222E+12,FALSE,TRUE,00:15.1,2023-12-11 00:00:15.118000+08:00
189,2783516003,43908.14,0.00269,3314658190,3314658190,1.70222E+12,FALSE,TRUE,00:15.1,2023-12-11 00:00:15.118000+08:00
190,2783516004,43908.48,0.00213,3314658191,3314658191,1.70222E+12,FALSE,TRUE,00:15.1,2023-12-11 00:00:15.130000+08:00
191,2783516005,43908.52,0.00216,3314658192,3314658192,1.70222E+12,FALSE,TRUE,00:15.1,2023-12-11 00:00:15.130000+08:00
192,2783516006,43908.72,0.00541,3314658193,3314658193,1.70222E+12,FALSE,TRUE,00:15.1,2023-12-11 00:00:15.130000+08:00
193,2783516007,43908.96,0.00213,3314658194,3314658194,1.70222E+12,FALSE,TRUE,00:15.1,2023-12-11 00:00:15.130000+08:00
194,2783516008,43909.02,0.00216,3314658195,3314658195,1.70222E+12,FALSE,TRUE,00:15.1,2023-12-11 00:00:15.130000+08:00
195,2783516009,43909.15,0.01599,3314658196,3314658196,1.70222E+12,FALSE,TRUE,00:15.1,2023-12-11 00:00:15.139000+08:00
196,2783516010,43909.15,0.00025,3314658197,3314658197,1.70222E+12,FALSE,TRUE,00:15.1,2023-12-11 00:00:15.142000+08:00
197,2783516011,43909.14,0.00045,3314658198,3314658198,1.70222E+12,TRUE,TRUE,00:15.4,2023-12-11 00:00:15.356000+08:00
198,2783516012,43909.15,0.00019,3314658199,3314658199,1.70222E+12,FALSE,TRUE,00:15.4,2023-12-11 00:00:15.369000+08:00
199,2783516013,43909.14,0.0002,3314658200,3314658200,1.70222E+12,TRUE,TRUE,00:15.5,2023-12-11 00:00:15.516000+08:00
200,2783516014,43909.15,0.0011,3314658201,3314658201,1.70222E+12,FALSE,TRUE,00:16.4,2023-12-11 00:00:16.362000+08:00
201,2783516015,43909.15,0.00087,3314658202,3314658202,1.70222E+12,FALSE,TRUE,00:16.4,2023-12-11 00:00:16.422000+08:00
202,2783516016,43909.14,0.00624,3314658203,3314658203,1.70222E+12,TRUE,TRUE,00:16.5,2023-12-11 00:00:16.528000+08:00
203,2783516017,43909.14,0.0024,3314658204,3314658204,1.70222E+12,TRUE,TRUE,00:16.6,2023-12-11 00:00:16.588000+08:00
204,2783516018,43909.14,0.00111,3314658205,3314658205,1.70222E+12,TRUE,TRUE,00:16.9,2023-12-11 00:00:16.911000+08:00
205,2783516019,43909.15,0.20001,3314658206,3314658208,1.70222E+12,FALSE,TRUE,00:17.5,2023-12-11 00:00:17.481000+08:00
206,2783516020,43909.14,0.00319,3314658209,3314658209,1.70222E+12,TRUE,TRUE,00:17.7,2023-12-11 00:00:17.692000+08:00
207,2783516021,43909.14,0.01138,3314658210,3314658210,1.70222E+12,TRUE,TRUE,00:18.3,2023-12-11 00:00:18.331000+08:00
208,2783516022,43909.14,0.00026,3314658211,3314658211,1.70222E+12,TRUE,TRUE,00:18.5,2023-12-11 00:00:18.513000+08:00
209,2783516023,43909.14,0.00036,3314658212,3314658212,1.70222E+12,TRUE,TRUE,00:18.6,2023-12-11 00:00:18.621000+08:00
210,2783516024,43909.14,0.00123,3314658213,3314658213,1.70222E+12,TRUE,TRUE,00:18.7,2023-12-11 00:00:18.658000+08:00
211,2783516025,43909.14,0.00065,3314658214,3314658214,1.70222E+12,TRUE,TRUE,00:19.0,2023-12-11 00:00:19.013000+08:00
212,2783516026,43909.15,0.00182,3314658215,3314658215,1.70222E+12,FALSE,TRUE,00:19.4,2023-12-11 00:00:19.424000+08:00
213,2783516027,43909.15,0.00045,3314658216,3314658216,1.70222E+12,FALSE,TRUE,00:19.4,2023-12-11 00:00:19.425000+08:00
214,2783516028,43909.15,0.0011,3314658217,3314658217,1.70222E+12,FALSE,TRUE,00:19.5,2023-12-11 00:00:19.509000+08:00
215,2783516029,43909.15,0.02297,3314658218,3314658218,1.70222E+12,FALSE,TRUE,00:19.7,2023-12-11 00:00:19.673000+08:00
216,2783516030,43909.15,0.05904,3314658219,3314658220,1.70222E+12,FALSE,TRUE,00:19.7,2023-12-11 00:00:19.696000+08:00
217,2783516031,43909.15,0.00073,3314658221,3314658221,1.70222E+12,FALSE,TRUE,00:19.7,2023-12-11 00:00:19.720000+08:00
218,2783516032,43909.14,0.00082,3314658222,3314658222,1.70222E+12,TRUE,TRUE,00:20.2,2023-12-11 00:00:20.177000+08:00
219,2783516033,43909.14,0.0205,3314658223,3314658223,1.70222E+12,TRUE,TRUE,00:20.8,2023-12-11 00:00:20.830000+08:00
220,2783516034,43909.14,0.00031,3314658224,3314658224,1.70222E+12,TRUE,TRUE,00:21.2,2023-12-11 00:00:21.182000+08:00
221,2783516035,43909.14,0.00387,3314658225,3314658225,1.70222E+12,TRUE,TRUE,00:21.2,2023-12-11 00:00:21.232000+08:00
222,2783516036,43909.14,0.00527,3314658226,3314658226,1.70222E+12,TRUE,TRUE,00:21.5,2023-12-11 00:00:21.504000+08:00
223,2783516037,43909.14,0.00297,3314658227,3314658227,1.70222E+12,TRUE,TRUE,00:21.6,2023-12-11 00:00:21.582000+08:00
224,2783516038,43909.15,0.00065,3314658228,3314658228,1.70222E+12,FALSE,TRUE,00:21.7,2023-12-11 00:00:21.666000+08:00
225,2783516039,43909.14,0.00074,3314658229,3314658229,1.70222E+12,TRUE,TRUE,00:21.7,2023-12-11 00:00:21.735000+08:00
226,2783516040,43909.15,0.00316,3314658230,3314658230,1.70222E+12,FALSE,TRUE,00:22.2,2023-12-11 00:00:22.167000+08:00
227,2783516041,43909.15,0.00065,3314658231,3314658231,1.70222E+12,FALSE,TRUE,00:22.2,2023-12-11 00:00:22.227000+08:00
228,2783516042,43909.14,0.0011,3314658232,3314658232,1.70222E+12,TRUE,TRUE,00:22.7,2023-12-11 00:00:22.700000+08:00
229,2783516043,43909.15,0.00138,3314658233,3314658234,1.70222E+12,FALSE,TRUE,00:22.7,2023-12-11 00:00:22.711000+08:00
230,2783516044,43909.14,0.00045,3314658235,3314658235,1.70222E+12,TRUE,TRUE,00:22.7,2023-12-11 00:00:22.713000+08:00
231,2783516045,43909.14,0.0002,3314658236,3314658236,1.70222E+12,TRUE,TRUE,00:22.9,2023-12-11 00:00:22.901000+08:00
232,2783516046,43909.14,0.00232,3314658237,3314658237,1.70222E+12,TRUE,TRUE,00:23.2,2023-12-11 00:00:23.242000+08:00
233,2783516047,43909.14,0.00025,3314658238,3314658238,1.70222E+12,TRUE,TRUE,00:23.4,2023-12-11 00:00:23.404000+08:00
234,2783516048,43909.15,0.01184,3314658239,3314658240,1.70222E+12,FALSE,TRUE,00:23.7,2023-12-11 00:00:23.693000+08:00
235,2783516049,43909.15,0.0002,3314658241,3314658241,1.70222E+12,FALSE,TRUE,00:23.7,2023-12-11 00:00:23.721000+08:00
236,2783516050,43909.15,0.00034,3314658242,3314658242,1.70222E+12,FALSE,TRUE,00:23.8,2023-12-11 00:00:23.769000+08:00
237,2783516051,43909.14,0.00014,3314658243,3314658243,1.70222E+12,TRUE,TRUE,00:23.8,2023-12-11 00:00:23.781000+08:00
238,2783516052,43909.15,0.19859,3314658244,3314658245,1.70222E+12,FALSE,TRUE,00:23.9,2023-12-11 00:00:23.904000+08:00
239,2783516053,43909.15,0.01044,3314658246,3314658246,1.70222E+12,FALSE,TRUE,00:23.9,2023-12-11 00:00:23.908000+08:00
240,2783516054,43909.15,0.00019,3314658247,3314658247,1.70222E+12,FALSE,TRUE,00:24.0,2023-12-11 00:00:24.033000+08:00
241,2783516055,43909.15,0.00475,3314658248,3314658248,1.70222E+12,FALSE,TRUE,00:24.2,2023-12-11 00:00:24.228000+08:00
242,2783516056,43909.15,0.00096,3314658249,3314658249,1.70222E+12,FALSE,TRUE,00:24.2,2023-12-11 00:00:24.229000+08:00
243,2783516057,43909.15,0.01019,3314658250,3314658250,1.70222E+12,FALSE,TRUE,00:24.3,2023-12-11 00:00:24.333000+08:00
244,2783516058,43909.15,0.0452,3314658251,3314658251,1.70222E+12,FALSE,TRUE,00:24.5,2023-12-11 00:00:24.470000+08:00
245,2783516059,43909.15,0.02766,3314658252,3314658254,1.70222E+12,FALSE,TRUE,00:24.5,2023-12-11 00:00:24.474000+08:00
246,2783516060,43909.15,0.00016,3314658255,3314658255,1.70222E+12,FALSE,TRUE,00:25.2,2023-12-11 00:00:25.192000+08:00
247,2783516061,43909.15,0.00013,3314658256,3314658256,1.70222E+12,FALSE,TRUE,00:25.2,2023-12-11 00:00:25.197000+08:00
248,2783516062,43909.15,0.00013,3314658257,3314658257,1.70222E+12,FALSE,TRUE,00:25.2,2023-12-11 00:00:25.198000+08:00
249,2783516063,43909.15,0.126,3314658258,3314658262,1.70222E+12,FALSE,TRUE,00:25.4,2023-12-11 00:00:25.449000+08:00
250,2783516064,43909.3,0.002,3314658263,3314658264,1.70222E+12,FALSE,TRUE,00:25.4,2023-12-11 00:00:25.449000+08:00
251,2783516065,43909.44,0.00213,3314658265,3314658265,1.70222E+12,FALSE,TRUE,00:25.4,2023-12-11 00:00:25.449000+08:00
252,2783516066,43909.52,0.00216,3314658266,3314658266,1.70222E+12,FALSE,TRUE,00:25.4,2023-12-11 00:00:25.449000+08:00
253,2783516067,43909.55,0.00541,3314658267,3314658267,1.70222E+12,FALSE,TRUE,00:25.4,2023-12-11 00:00:25.449000+08:00
254,2783516068,43909.92,0.00213,3314658268,3314658268,1.70222E+12,FALSE,TRUE,00:25.4,2023-12-11 00:00:25.449000+08:00
255,2783516069,43910,0.02112,3314658269,3314658270,1.70222E+12,FALSE,TRUE,00:25.4,2023-12-11 00:00:25.449000+08:00
256,2783516070,43910.02,0.00216,3314658271,3314658271,1.70222E+12,FALSE,TRUE,00:25.4,2023-12-11 00:00:25.449000+08:00
257,2783516071,43910.28,0.09945,3314658272,3314658272,1.70222E+12,FALSE,TRUE,00:25.4,2023-12-11 00:00:25.449000+08:00
258,2783516072,43910.28,0.00115,3314658273,3314658273,1.70222E+12,FALSE,TRUE,00:25.5,2023-12-11 00:00:25.479000+08:00
259,2783516073,43910.27,0.00314,3314658274,3314658274,1.70222E+12,TRUE,TRUE,00:26.0,2023-12-11 00:00:26.005000+08:00
260,2783516074,43910.28,0.00096,3314658275,3314658275,1.70222E+12,FALSE,TRUE,00:26.7,2023-12-11 00:00:26.653000+08:00
261,2783516075,43910.28,0.00337,3314658276,3314658276,1.70222E+12,FALSE,TRUE,00:27.0,2023-12-11 00:00:26.963000+08:00
262,2783516076,43910.28,0.00115,3314658277,3314658277,1.70222E+12,FALSE,TRUE,00:27.0,2023-12-11 00:00:27.023000+08:00
263,2783516077,43910.28,0.00147,3314658278,3314658278,1.70222E+12,FALSE,TRUE,00:27.5,2023-12-11 00:00:27.485000+08:00
264,2783516078,43910.28,0.0002,3314658279,3314658279,1.70222E+12,FALSE,TRUE,00:27.8,2023-12-11 00:00:27.766000+08:00
265,2783516079,43910.27,0.00016,3314658280,3314658280,1.70222E+12,TRUE,TRUE,00:27.8,2023-12-11 00:00:27.813000+08:00
266,2783516080,43910.28,0.29982,3314658281,3314658283,1.70222E+12,FALSE,TRUE,00:27.9,2023-12-11 00:00:27.895000+08:00
267,2783516081,43910.38,0.00541,3314658284,3314658284,1.70222E+12,FALSE,TRUE,00:27.9,2023-12-11 00:00:27.899000+08:00
268,2783516082,43910.4,0.00213,3314658285,3314658285,1.70222E+12,FALSE,TRUE,00:27.9,2023-12-11 00:00:27.899000+08:00
269,2783516083,43910.52,0.00216,3314658286,3314658286,1.70222E+12,FALSE,TRUE,00:27.9,2023-12-11 00:00:27.899000+08:00
270,2783516084,43910.88,0.00213,3314658287,3314658287,1.70222E+12,FALSE,TRUE,00:27.9,2023-12-11 00:00:27.899000+08:00
271,2783516085,43911.02,0.00216,3314658288,3314658288,1.70222E+12,FALSE,TRUE,00:27.9,2023-12-11 00:00:27.899000+08:00
272,2783516086,43911.1,0.00087,3314658289,3314658289,1.70222E+12,FALSE,TRUE,00:27.9,2023-12-11 00:00:27.900000+08:00
273,2783516087,43911.1,0.00118,3314658290,3314658290,1.70222E+12,FALSE,TRUE,00:27.9,2023-12-11 00:00:27.900000+08:00
274,2783516088,43911.1,0.001,3314658291,3314658291,1.70222E+12,FALSE,TRUE,00:27.9,2023-12-11 00:00:27.900000+08:00
275,2783516089,43911.1,0.00095,3314658292,3314658292,1.70222E+12,FALSE,TRUE,00:27.9,2023-12-11 00:00:27.901000+08:00
276,2783516090,43911.1,0.00141,3314658293,3314658293,1.70222E+12,FALSE,TRUE,00:27.9,2023-12-11 00:00:27.901000+08:00
277,2783516091,43911.1,0.00123,3314658294,3314658294,1.70222E+12,FALSE,TRUE,00:27.9,2023-12-11 00:00:27.901000+08:00
278,2783516092,43911.1,0.001,3314658295,3314658295,1.70222E+12,FALSE,TRUE,00:27.9,2023-12-11 00:00:27.901000+08:00
279,2783516093,43911.1,0.00091,3314658296,3314658296,1.70222E+12,FALSE,TRUE,00:27.9,2023-12-11 00:00:27.901000+08:00
280,2783516094,43911.1,0.001,3314658297,3314658297,1.70222E+12,FALSE,TRUE,00:27.9,2023-12-11 00:00:27.902000+08:00
281,2783516095,43911.1,0.00089,3314658298,3314658298,1.70222E+12,FALSE,TRUE,00:27.9,2023-12-11 00:00:27.904000+08:00
282,2783516096,43911.09,0.00022,3314658299,3314658299,1.70222E+12,TRUE,TRUE,00:27.9,2023-12-11 00:00:27.939000+08:00
283,2783516097,43911.1,0.00089,3314658300,3314658300,1.70222E+12,FALSE,TRUE,00:27.9,2023-12-11 00:00:27.949000+08:00
284,2783516098,43911.1,0.001,3314658301,3314658301,1.70222E+12,FALSE,TRUE,00:27.9,2023-12-11 00:00:27.949000+08:00
285,2783516099,43911.1,0.00093,3314658302,3314658302,1.70222E+12,FALSE,TRUE,00:27.9,2023-12-11 00:00:27.949000+08:00
286,2783516100,43911.1,0.00097,3314658303,3314658303,1.70222E+12,FALSE,TRUE,00:27.9,2023-12-11 00:00:27.949000+08:00
287,2783516101,43911.1,0.00096,3314658304,3314658304,1.70222E+12,FALSE,TRUE,00:27.9,2023-12-11 00:00:27.949000+08:00
288,2783516102,43911.1,0.00091,3314658305,3314658305,1.70222E+12,FALSE,TRUE,00:27.9,2023-12-11 00:00:27.949000+08:00
289,2783516103,43911.1,0.00125,3314658306,3314658306,1.70222E+12,FALSE,TRUE,00:27.9,2023-12-11 00:00:27.949000+08:00
290,2783516104,43911.1,0.00094,3314658307,3314658307,1.70222E+12,FALSE,TRUE,00:27.9,2023-12-11 00:00:27.949000+08:00
291,2783516105,43911.1,0.00098,3314658308,3314658308,1.70222E+12,FALSE,TRUE,00:27.9,2023-12-11 00:00:27.949000+08:00
292,2783516106,43911.1,0.00091,3314658309,3314658309,1.70222E+12,FALSE,TRUE,00:27.9,2023-12-11 00:00:27.949000+08:00
293,2783516107,43911.1,0.00107,3314658310,3314658310,1.70222E+12,FALSE,TRUE,00:27.9,2023-12-11 00:00:27.949000+08:00
294,2783516108,43911.1,0.00091,3314658311,3314658311,1.70222E+12,FALSE,TRUE,00:27.9,2023-12-11 00:00:27.949000+08:00
295,2783516109,43911.1,0.00088,3314658312,3314658312,1.70222E+12,FALSE,TRUE,00:27.9,2023-12-11 00:00:27.949000+08:00
296,2783516110,43911.1,0.00091,3314658313,3314658313,1.70222E+12,FALSE,TRUE,00:27.9,2023-12-11 00:00:27.949000+08:00
297,2783516111,43911.1,0.00118,3314658314,3314658314,1.70222E+12,FALSE,TRUE,00:27.9,2023-12-11 00:00:27.949000+08:00
298,2783516112,43911.1,0.00091,3314658315,3314658315,1.70222E+12,FALSE,TRUE,00:27.9,2023-12-11 00:00:27.949000+08:00
299,2783516113,43911.1,0.00091,3314658316,3314658316,1.70222E+12,FALSE,TRUE,00:27.9,2023-12-11 00:00:27.949000+08:00
300,2783516114,43911.1,0.00095,3314658317,3314658317,1.70222E+12,FALSE,TRUE,00:27.9,2023-12-11 00:00:27.949000+08:00
301,2783516115,43911.1,0.00089,3314658318,3314658318,1.70222E+12,FALSE,TRUE,00:27.9,2023-12-11 00:00:27.949000+08:00
302,2783516116,43911.1,0.00089,3314658319,3314658319,1.70222E+12,FALSE,TRUE,00:27.9,2023-12-11 00:00:27.949000+08:00
303,2783516117,43911.1,0.00097,3314658320,3314658320,1.70222E+12,FALSE,TRUE,00:27.9,2023-12-11 00:00:27.949000+08:00
304,2783516118,43911.1,0.00091,3314658321,3314658321,1.70222E+12,FALSE,TRUE,00:27.9,2023-12-11 00:00:27.949000+08:00
305,2783516119,43911.1,0.00092,3314658322,3314658322,1.70222E+12,FALSE,TRUE,00:27.9,2023-12-11 00:00:27.949000+08:00
306,2783516120,43911.1,0.00091,3314658323,3314658323,1.70222E+12,FALSE,TRUE,00:27.9,2023-12-11 00:00:27.949000+08:00
307,2783516121,43911.1,0.001,3314658324,3314658324,1.70222E+12,FALSE,TRUE,00:27.9,2023-12-11 00:00:27.949000+08:00
308,2783516122,43911.1,0.00091,3314658325,3314658325,1.70222E+12,FALSE,TRUE,00:27.9,2023-12-11 00:00:27.949000+08:00
309,2783516123,43911.1,0.0009,3314658326,3314658326,1.70222E+12,FALSE,TRUE,00:27.9,2023-12-11 00:00:27.949000+08:00
310,2783516124,43911.1,0.00094,3314658327,3314658327,1.70222E+12,FALSE,TRUE,00:27.9,2023-12-11 00:00:27.949000+08:00
311,2783516125,43911.1,0.00123,3314658328,3314658328,1.70222E+12,FALSE,TRUE,00:27.9,2023-12-11 00:00:27.949000+08:00
312,2783516126,43911.1,0.00091,3314658329,3314658329,1.70222E+12,FALSE,TRUE,00:27.9,2023-12-11 00:00:27.949000+08:00
313,2783516127,43911.1,0.00102,3314658330,3314658330,1.70222E+12,FALSE,TRUE,00:27.9,2023-12-11 00:00:27.949000+08:00
314,2783516128,43911.1,0.00091,3314658331,3314658331,1.70222E+12,FALSE,TRUE,00:27.9,2023-12-11 00:00:27.949000+08:00
315,2783516129,43911.1,0.00091,3314658332,3314658332,1.70222E+12,FALSE,TRUE,00:27.9,2023-12-11 00:00:27.950000+08:00
316,2783516130,43911.1,0.00088,3314658333,3314658333,1.70222E+12,FALSE,TRUE,00:27.9,2023-12-11 00:00:27.950000+08:00
317,2783516131,43911.1,0.00107,3314658334,3314658334,1.70222E+12,FALSE,TRUE,00:27.9,2023-12-11 00:00:27.950000+08:00
318,2783516132,43911.1,0.00089,3314658335,3314658335,1.70222E+12,FALSE,TRUE,00:27.9,2023-12-11 00:00:27.950000+08:00
319,2783516133,43911.1,0.00095,3314658336,3314658336,1.70222E+12,FALSE,TRUE,00:27.9,2023-12-11 00:00:27.950000+08:00
320,2783516134,43911.1,0.00089,3314658337,3314658337,1.70222E+12,FALSE,TRUE,00:28.0,2023-12-11 00:00:27.951000+08:00
321,2783516135,43911.1,0.00098,3314658338,3314658338,1.70222E+12,FALSE,TRUE,00:28.0,2023-12-11 00:00:27.951000+08:00
322,2783516136,43911.1,0.00141,3314658339,3314658339,1.70222E+12,FALSE,TRUE,00:28.0,2023-12-11 00:00:27.952000+08:00
323,2783516137,43911.1,0.00091,3314658340,3314658340,1.70222E+12,FALSE,TRUE,00:28.0,2023-12-11 00:00:27.952000+08:00
324,2783516138,43911.1,0.00091,3314658341,3314658341,1.70222E+12,FALSE,TRUE,00:28.0,2023-12-11 00:00:27.953000+08:00
325,2783516139,43911.1,0.00097,3314658342,3314658342,1.70222E+12,FALSE,TRUE,00:28.0,2023-12-11 00:00:27.953000+08:00
326,2783516140,43911.1,0.00091,3314658343,3314658343,1.70222E+12,FALSE,TRUE,00:28.0,2023-12-11 00:00:27.953000+08:00
327,2783516141,43911.1,0.00088,3314658344,3314658344,1.70222E+12,FALSE,TRUE,00:28.0,2023-12-11 00:00:27.954000+08:00
328,2783516142,43911.1,0.00091,3314658345,3314658345,1.70222E+12,FALSE,TRUE,00:28.0,2023-12-11 00:00:27.956000+08:00
329,2783516143,43911.1,0.00089,3314658346,3314658346,1.70222E+12,FALSE,TRUE,00:28.0,2023-12-11 00:00:27.956000+08:00
330,2783516144,43911.1,0.00091,3314658347,3314658347,1.70222E+12,FALSE,TRUE,00:28.0,2023-12-11 00:00:27.958000+08:00
331,2783516145,43911.1,0.00087,3314658348,3314658348,1.70222E+12,FALSE,TRUE,00:28.0,2023-12-11 00:00:27.958000+08:00
332,2783516146,43911.1,0.00091,3314658349,3314658349,1.70222E+12,FALSE,TRUE,00:28.0,2023-12-11 00:00:27.961000+08:00
333,2783516147,43911.1,0.00091,3314658350,3314658350,1.70222E+12,FALSE,TRUE,00:28.0,2023-12-11 00:00:27.968000+08:00
334,2783516148,43911.1,0.001,3314658351,3314658351,1.70222E+12,FALSE,TRUE,00:28.0,2023-12-11 00:00:27.977000+08:00
335,2783516149,43911.1,0.00091,3314658352,3314658352,1.70222E+12,FALSE,TRUE,00:28.0,2023-12-11 00:00:27.981000+08:00
336,2783516150,43911.1,0.00095,3314658353,3314658353,1.70222E+12,FALSE,TRUE,00:28.0,2023-12-11 00:00:27.982000+08:00
337,2783516151,43911.1,0.00118,3314658354,3314658354,1.70222E+12,FALSE,TRUE,00:28.0,2023-12-11 00:00:27.983000+08:00
338,2783516152,43911.1,0.00141,3314658355,3314658355,1.70222E+12,FALSE,TRUE,00:28.0,2023-12-11 00:00:27.985000+08:00
339,2783516153,43911.1,0.00123,3314658356,3314658356,1.70222E+12,FALSE,TRUE,00:28.0,2023-12-11 00:00:27.991000+08:00
340,2783516154,43911.1,0.001,3314658357,3314658357,1.70222E+12,FALSE,TRUE,00:28.0,2023-12-11 00:00:27.992000+08:00
341,2783516155,43911.1,0.00147,3314658358,3314658358,1.70222E+12,FALSE,TRUE,00:28.0,2023-12-11 00:00:27.992000+08:00
342,2783516156,43911.21,0.00589,3314658359,3314658360,1.70222E+12,FALSE,TRUE,00:28.0,2023-12-11 00:00:27.992000+08:00
343,2783516157,43911.35,0.00087,3314658361,3314658361,1.70222E+12,FALSE,TRUE,00:28.0,2023-12-11 00:00:27.995000+08:00
344,2783516158,43911.35,0.00118,3314658362,3314658362,1.70222E+12,FALSE,TRUE,00:28.0,2023-12-11 00:00:28.009000+08:00
345,2783516159,43911.35,0.00091,3314658363,3314658363,1.70222E+12,FALSE,TRUE,00:28.0,2023-12-11 00:00:28.030000+08:00
346,2783516160,43911.35,0.00337,3314658364,3314658364,1.70222E+12,FALSE,TRUE,00:28.1,2023-12-11 00:00:28.092000+08:00
347,2783516161,43911.34,0.00027,3314658365,3314658365,1.70222E+12,TRUE,TRUE,00:28.5,2023-12-11 00:00:28.496000+08:00
348,2783516162,43911.34,0.00458,3314658366,3314658366,1.70222E+12,TRUE,TRUE,00:28.5,2023-12-11 00:00:28.511000+08:00
349,2783516163,43911.34,0.00224,3314658367,3314658367,1.70222E+12,TRUE,TRUE,00:28.7,2023-12-11 00:00:28.669000+08:00
350,2783516164,43911.34,0.0005,3314658368,3314658368,1.70222E+12,TRUE,TRUE,00:28.7,2023-12-11 00:00:28.728000+08:00
351,2783516165,43911.35,0.00144,3314658369,3314658371,1.70222E+12,FALSE,TRUE,00:28.9,2023-12-11 00:00:28.935000+08:00
352,2783516166,43911.34,0.0035,3314658372,3314658372,1.70222E+12,TRUE,TRUE,00:29.2,2023-12-11 00:00:29.207000+08:00
353,2783516167,43911.35,0.00011,3314658373,3314658373,1.70222E+12,FALSE,TRUE,00:30.2,2023-12-11 00:00:30.194000+08:00
354,2783516168,43911.34,0.0025,3314658374,3314658374,1.70222E+12,TRUE,TRUE,00:30.4,2023-12-11 00:00:30.364000+08:00
355,2783516169,43911.34,0.00057,3314658375,3314658375,1.70222E+12,TRUE,TRUE,00:30.6,2023-12-11 00:00:30.572000+08:00
356,2783516170,43911.35,0.06586,3314658376,3314658378,1.70222E+12,FALSE,TRUE,00:30.6,2023-12-11 00:00:30.583000+08:00
357,2783516171,43911.36,0.00213,3314658379,3314658379,1.70222E+12,FALSE,TRUE,00:30.6,2023-12-11 00:00:30.595000+08:00
358,2783516172,43911.52,0.00216,3314658380,3314658380,1.70222E+12,FALSE,TRUE,00:30.6,2023-12-11 00:00:30.595000+08:00
359,2783516173,43911.84,0.00213,3314658381,3314658381,1.70222E+12,FALSE,TRUE,00:30.6,2023-12-11 00:00:30.595000+08:00
360,2783516174,43912.02,0.00216,3314658382,3314658382,1.70222E+12,FALSE,TRUE,00:30.6,2023-12-11 00:00:30.595000+08:00
361,2783516175,43912.04,0.02295,3314658383,3314658385,1.70222E+12,FALSE,TRUE,00:31.1,2023-12-11 00:00:31.128000+08:00
362,2783516176,43912.04,0.00919,3314658386,3314658386,1.70222E+12,FALSE,TRUE,00:31.1,2023-12-11 00:00:31.136000+08:00
363,2783516177,43912.04,0.00061,3314658387,3314658387,1.70222E+12,FALSE,TRUE,00:31.7,2023-12-11 00:00:31.705000+08:00
364,2783516178,43912.03,0.00072,3314658388,3314658388,1.70222E+12,TRUE,TRUE,00:32.3,2023-12-11 00:00:32.326000+08:00
365,2783516179,43912.04,0.0133,3314658389,3314658391,1.70222E+12,FALSE,TRUE,00:32.6,2023-12-11 00:00:32.610000+08:00
366,2783516180,43912.3,0.00707,3314658392,3314658393,1.70222E+12,FALSE,TRUE,00:32.6,2023-12-11 00:00:32.616000+08:00
367,2783516181,43912.32,0.00213,3314658394,3314658394,1.70222E+12,FALSE,TRUE,00:32.6,2023-12-11 00:00:32.616000+08:00
368,2783516182,43912.52,0.00044,3314658395,3314658395,1.70222E+12,FALSE,TRUE,00:32.6,2023-12-11 00:00:32.616000+08:00
369,2783516183,43912.52,0.00172,3314658396,3314658396,1.70222E+12,FALSE,TRUE,00:32.7,2023-12-11 00:00:32.656000+08:00
370,2783516184,43912.64,0.00033,3314658397,3314658397,1.70222E+12,FALSE,TRUE,00:32.7,2023-12-11 00:00:32.656000+08:00
371,2783516185,43912.8,0.00213,3314658398,3314658398,1.70222E+12,FALSE,TRUE,00:32.7,2023-12-11 00:00:32.656000+08:00
372,2783516186,43913.02,0.00216,3314658399,3314658399,1.70222E+12,FALSE,TRUE,00:32.7,2023-12-11 00:00:32.656000+08:00
373,2783516187,43913.24,0.00027,3314658400,3314658400,1.70222E+12,TRUE,TRUE,00:32.7,2023-12-11 00:00:32.685000+08:00
374,2783516188,43913.24,0.00079,3314658401,3314658401,1.70222E+12,TRUE,TRUE,00:32.7,2023-12-11 00:00:32.723000+08:00
375,2783516189,43913.25,0.01311,3314658402,3314658402,1.70222E+12,FALSE,TRUE,00:33.9,2023-12-11 00:00:33.905000+08:00
376,2783516190,43913.25,0.01139,3314658403,3314658404,1.70222E+12,FALSE,TRUE,00:34.3,2023-12-11 00:00:34.305000+08:00
377,2783516191,43913.25,0.00098,3314658405,3314658405,1.70222E+12,FALSE,TRUE,00:34.4,2023-12-11 00:00:34.411000+08:00
378,2783516192,43913.24,0.00447,3314658406,3314658406,1.70222E+12,TRUE,TRUE,00:34.5,2023-12-11 00:00:34.518000+08:00
379,2783516193,43913.25,0.00139,3314658407,3314658409,1.70222E+12,FALSE,TRUE,00:34.9,2023-12-11 00:00:34.912000+08:00
380,2783516194,43913.25,0.00179,3314658410,3314658410,1.70222E+12,FALSE,TRUE,00:35.3,2023-12-11 00:00:35.256000+08:00
381,2783516195,43913.25,0.00175,3314658411,3314658411,1.70222E+12,FALSE,TRUE,00:35.6,2023-12-11 00:00:35.583000+08:00
382,2783516196,43913.25,0.00023,3314658412,3314658412,1.70222E+12,FALSE,TRUE,00:35.7,2023-12-11 00:00:35.678000+08:00
383,2783516197,43913.25,0.00066,3314658413,3314658413,1.70222E+12,FALSE,TRUE,00:35.7,2023-12-11 00:00:35.705000+08:00
384,2783516198,43913.24,0.02287,3314658414,3314658415,1.70222E+12,TRUE,TRUE,00:35.8,2023-12-11 00:00:35.809000+08:00
385,2783516199,43913.25,0.00567,3314658416,3314658417,1.70222E+12,FALSE,TRUE,00:36.0,2023-12-11 00:00:35.958000+08:00
386,2783516200,43913.25,0.00064,3314658418,3314658418,1.70222E+12,FALSE,TRUE,00:36.3,2023-12-11 00:00:36.283000+08:00
387,2783516201,43913.25,0.00526,3314658419,3314658419,1.70222E+12,FALSE,TRUE,00:36.4,2023-12-11 00:00:36.389000+08:00
388,2783516202,43913.25,0.00013,3314658420,3314658420,1.70222E+12,FALSE,TRUE,00:36.4,2023-12-11 00:00:36.391000+08:00
389,2783516203,43913.25,0.00037,3314658421,3314658421,1.70222E+12,FALSE,TRUE,00:36.6,2023-12-11 00:00:36.610000+08:00
390,2783516204,43913.25,0.00274,3314658422,3314658422,1.70222E+12,FALSE,TRUE,00:36.6,2023-12-11 00:00:36.634000+08:00
391,2783516205,43913.25,0.00025,3314658423,3314658423,1.70222E+12,FALSE,TRUE,00:36.6,2023-12-11 00:00:36.648000+08:00
392,2783516206,43913.25,0.00025,3314658424,3314658424,1.70222E+12,FALSE,TRUE,00:36.7,2023-12-11 00:00:36.705000+08:00
393,2783516207,43913.24,0.04555,3314658425,3314658425,1.70222E+12,TRUE,TRUE,00:36.9,2023-12-11 00:00:36.880000+08:00
394,2783516208,43913.25,0.00224,3314658426,3314658426,1.70222E+12,FALSE,TRUE,00:37.0,2023-12-11 00:00:36.953000+08:00
395,2783516209,43913.25,0.00193,3314658427,3314658427,1.70222E+12,FALSE,TRUE,00:37.2,2023-12-11 00:00:37.193000+08:00
396,2783516210,43913.25,0.00204,3314658428,3314658428,1.70222E+12,FALSE,TRUE,00:37.3,2023-12-11 00:00:37.350000+08:00
397,2783516211,43913.25,0.0011,3314658429,3314658429,1.70222E+12,FALSE,TRUE,00:37.4,2023-12-11 00:00:37.351000+08:00
398,2783516212,43913.25,0.01905,3314658430,3314658430,1.70222E+12,FALSE,TRUE,00:37.4,2023-12-11 00:00:37.409000+08:00
399,2783516213,43913.25,0.00037,3314658431,3314658431,1.70222E+12,FALSE,TRUE,00:37.4,2023-12-11 00:00:37.428000+08:00
400,2783516214,43913.25,0.00034,3314658432,3314658432,1.70222E+12,FALSE,TRUE,00:37.9,2023-12-11 00:00:37.945000+08:00
401,2783516215,43913.24,0.00019,3314658433,3314658433,1.70222E+12,TRUE,TRUE,00:38.0,2023-12-11 00:00:37.993000+08:00
402,2783516216,43913.24,0.00149,3314658434,3314658434,1.70222E+12,TRUE,TRUE,00:38.1,2023-12-11 00:00:38.126000+08:00
403,2783516217,43913.24,0.0002,3314658435,3314658435,1.70222E+12,TRUE,TRUE,00:38.3,2023-12-11 00:00:38.309000+08:00
404,2783516218,43913.25,0.00065,3314658436,3314658436,1.70222E+12,FALSE,TRUE,00:38.6,2023-12-11 00:00:38.622000+08:00
405,2783516219,43913.25,0.00027,3314658437,3314658437,1.70222E+12,FALSE,TRUE,00:38.9,2023-12-11 00:00:38.884000+08:00
406,2783516220,43913.25,0.00015,3314658438,3314658438,1.70222E+12,FALSE,TRUE,00:39.1,2023-12-11 00:00:39.076000+08:00
407,2783516221,43913.25,0.0003,3314658439,3314658439,1.70222E+12,FALSE,TRUE,00:39.2,2023-12-11 00:00:39.182000+08:00
408,2783516222,43913.24,0.0091,3314658440,3314658440,1.70222E+12,TRUE,TRUE,00:39.3,2023-12-11 00:00:39.313000+08:00
409,2783516223,43913.24,0.0005,3314658441,3314658441,1.70222E+12,TRUE,TRUE,00:39.4,2023-12-11 00:00:39.444000+08:00
410,2783516224,43913.25,0.00055,3314658442,3314658442,1.70222E+12,FALSE,TRUE,00:39.5,2023-12-11 00:00:39.495000+08:00
411,2783516225,43913.25,0.01865,3314658443,3314658445,1.70222E+12,FALSE,TRUE,00:39.7,2023-12-11 00:00:39.728000+08:00
412,2783516226,43913.24,0.00047,3314658446,3314658446,1.70222E+12,TRUE,TRUE,00:39.9,2023-12-11 00:00:39.910000+08:00
413,2783516227,43913.24,0.0005,3314658447,3314658447,1.70222E+12,TRUE,TRUE,00:40.0,2023-12-11 00:00:40.004000+08:00
414,2783516228,43913.25,0.04558,3314658448,3314658449,1.70222E+12,FALSE,TRUE,00:40.2,2023-12-11 00:00:40.185000+08:00
415,2783516229,43913.25,0.00858,3314658450,3314658450,1.70222E+12,FALSE,TRUE,00:40.2,2023-12-11 00:00:40.188000+08:00
416,2783516230,43913.25,0.02343,3314658451,3314658453,1.70222E+12,FALSE,TRUE,00:40.4,2023-12-11 00:00:40.367000+08:00
417,2783516231,43913.25,0.00096,3314658454,3314658454,1.70222E+12,FALSE,TRUE,00:40.4,2023-12-11 00:00:40.370000+08:00
418,2783516232,43913.28,0.00213,3314658455,3314658455,1.70222E+12,FALSE,TRUE,00:40.4,2023-12-11 00:00:40.370000+08:00
419,2783516233,43913.52,0.00216,3314658456,3314658456,1.70222E+12,FALSE,TRUE,00:40.4,2023-12-11 00:00:40.370000+08:00
420,2783516234,43913.55,0.00095,3314658457,3314658457,1.70222E+12,FALSE,TRUE,00:40.4,2023-12-11 00:00:40.371000+08:00
421,2783516235,43913.55,0.00095,3314658458,3314658458,1.70222E+12,FALSE,TRUE,00:40.4,2023-12-11 00:00:40.371000+08:00
422,2783516236,43913.55,0.00093,3314658459,3314658459,1.70222E+12,FALSE,TRUE,00:40.4,2023-12-11 00:00:40.371000+08:00
423,2783516237,43913.55,0.00091,3314658460,3314658460,1.70222E+12,FALSE,TRUE,00:40.4,2023-12-11 00:00:40.371000+08:00
424,2783516238,43913.55,0.00095,3314658461,3314658461,1.70222E+12,FALSE,TRUE,00:40.4,2023-12-11 00:00:40.371000+08:00
425,2783516239,43913.55,0.00095,3314658462,3314658462,1.70222E+12,FALSE,TRUE,00:40.4,2023-12-11 00:00:40.372000+08:00
426,2783516240,43913.55,0.00089,3314658463,3314658463,1.70222E+12,FALSE,TRUE,00:40.4,2023-12-11 00:00:40.372000+08:00
427,2783516241,43913.55,0.00026,3314658464,3314658464,1.70222E+12,FALSE,TRUE,00:40.4,2023-12-11 00:00:40.372000+08:00
428,2783516242,43913.76,0.00069,3314658465,3314658465,1.70222E+12,FALSE,TRUE,00:40.4,2023-12-11 00:00:40.372000+08:00
429,2783516243,43913.76,0.00096,3314658466,3314658466,1.70222E+12,FALSE,TRUE,00:40.4,2023-12-11 00:00:40.376000+08:00
430,2783516244,43913.76,0.00048,3314658467,3314658467,1.70222E+12,FALSE,TRUE,00:40.4,2023-12-11 00:00:40.377000+08:00
431,2783516245,43914.02,0.00041,3314658468,3314658468,1.70222E+12,FALSE,TRUE,00:40.4,2023-12-11 00:00:40.377000+08:00
432,2783516246,43914.02,0.00091,3314658469,3314658469,1.70222E+12,FALSE,TRUE,00:40.4,2023-12-11 00:00:40.378000+08:00
433,2783516247,43914.02,0.00084,3314658470,3314658470,1.70222E+12,FALSE,TRUE,00:40.4,2023-12-11 00:00:40.382000+08:00
434,2783516248,43914.24,0.00016,3314658471,3314658471,1.70222E+12,FALSE,TRUE,00:40.4,2023-12-11 00:00:40.382000+08:00
435,2783516249,43914.24,0.00114,3314658472,3314658472,1.70222E+12,FALSE,TRUE,00:40.4,2023-12-11 00:00:40.383000+08:00
436,2783516250,43914.24,0.00083,3314658473,3314658473,1.70222E+12,FALSE,TRUE,00:40.4,2023-12-11 00:00:40.410000+08:00
437,2783516251,43914.5,0.02057,3314658474,3314658475,1.70222E+12,TRUE,TRUE,00:40.7,2023-12-11 00:00:40.742000+08:00
438,2783516252,43914.51,0.00024,3314658476,3314658476,1.70222E+12,FALSE,TRUE,00:40.7,2023-12-11 00:00:40.750000+08:00
439,2783516253,43914.51,0.00052,3314658477,3314658477,1.70222E+12,FALSE,TRUE,00:40.8,2023-12-11 00:00:40.829000+08:00
440,2783516254,43914.51,0.00013,3314658478,3314658478,1.70222E+12,FALSE,TRUE,00:40.9,2023-12-11 00:00:40.908000+08:00
441,2783516255,43914.51,0.00053,3314658479,3314658479,1.70222E+12,FALSE,TRUE,00:41.2,2023-12-11 00:00:41.229000+08:00
442,2783516256,43914.5,0.0014,3314658480,3314658480,1.70222E+12,TRUE,TRUE,00:41.3,2023-12-11 00:00:41.311000+08:00
443,2783516257,43914.5,0.00403,3314658481,3314658481,1.70222E+12,TRUE,TRUE,00:41.5,2023-12-11 00:00:41.485000+08:00
444,2783516258,43914.51,0.00053,3314658482,3314658482,1.70222E+12,FALSE,TRUE,00:42.5,2023-12-11 00:00:42.494000+08:00
445,2783516259,43914.5,0.00042,3314658483,3314658483,1.70222E+12,TRUE,TRUE,00:42.8,2023-12-11 00:00:42.826000+08:00
446,2783516260,43914.51,0.00015,3314658484,3314658484,1.70222E+12,FALSE,TRUE,00:42.9,2023-12-11 00:00:42.886000+08:00
447,2783516261,43914.51,0.02277,3314658485,3314658485,1.70222E+12,FALSE,TRUE,00:42.9,2023-12-11 00:00:42.901000+08:00
448,2783516262,43914.51,0.01369,3314658486,3314658488,1.70222E+12,FALSE,TRUE,00:43.4,2023-12-11 00:00:43.388000+08:00
449,2783516263,43914.5,0.16156,3314658489,3314658489,1.70222E+12,TRUE,TRUE,00:43.5,2023-12-11 00:00:43.452000+08:00
450,2783516264,43914.51,0.00279,3314658490,3314658490,1.70222E+12,FALSE,TRUE,00:44.1,2023-12-11 00:00:44.082000+08:00
451,2783516265,43914.51,0.0012,3314658491,3314658491,1.70222E+12,FALSE,TRUE,00:44.1,2023-12-11 00:00:44.091000+08:00
452,2783516266,43914.51,0.0003,3314658492,3314658492,1.70222E+12,FALSE,TRUE,00:44.1,2023-12-11 00:00:44.113000+08:00
453,2783516267,43914.51,0.00047,3314658493,3314658493,1.70222E+12,FALSE,TRUE,00:44.3,2023-12-11 00:00:44.311000+08:00
454,2783516268,43914.5,0.00576,3314658494,3314658494,1.70222E+12,TRUE,TRUE,00:44.7,2023-12-11 00:00:44.717000+08:00
455,2783516269,43914.51,0.00034,3314658495,3314658495,1.70222E+12,FALSE,TRUE,00:44.8,2023-12-11 00:00:44.763000+08:00
456,2783516270,43914.51,0.00053,3314658496,3314658496,1.70222E+12,FALSE,TRUE,00:45.1,2023-12-11 00:00:45.107000+08:00
457,2783516271,43914.51,0.00031,3314658497,3314658497,1.70222E+12,FALSE,TRUE,00:45.6,2023-12-11 00:00:45.616000+08:00
458,2783516272,43914.51,0.04129,3314658498,3314658498,1.70222E+12,FALSE,TRUE,00:45.6,2023-12-11 00:00:45.647000+08:00
459,2783516273,43914.5,0.00267,3314658499,3314658499,1.70222E+12,TRUE,TRUE,00:45.7,2023-12-11 00:00:45.672000+08:00
460,2783516274,43914.51,0.00936,3314658500,3314658500,1.70222E+12,FALSE,TRUE,00:46.6,2023-12-11 00:00:46.572000+08:00
461,2783516275,43914.5,0.00064,3314658501,3314658501,1.70222E+12,TRUE,TRUE,00:47.0,2023-12-11 00:00:46.992000+08:00
462,2783516276,43914.51,0.00056,3314658502,3314658502,1.70222E+12,FALSE,TRUE,00:47.6,2023-12-11 00:00:47.551000+08:00
463,2783516277,43914.51,0.02156,3314658503,3314658503,1.70222E+12,FALSE,TRUE,00:48.4,2023-12-11 00:00:48.398000+08:00
464,2783516278,43914.51,0.00072,3314658504,3314658504,1.70222E+12,FALSE,TRUE,00:48.4,2023-12-11 00:00:48.421000+08:00
465,2783516279,43914.51,0.02614,3314658505,3314658505,1.70222E+12,FALSE,TRUE,00:48.4,2023-12-11 00:00:48.422000+08:00
466,2783516280,43914.51,0.01648,3314658506,3314658506,1.70222E+12,FALSE,TRUE,00:48.6,2023-12-11 00:00:48.574000+08:00
467,2783516281,43914.51,0.00382,3314658507,3314658507,1.70222E+12,FALSE,TRUE,00:48.6,2023-12-11 00:00:48.597000+08:00
468,2783516282,43914.5,0.01116,3314658508,3314658508,1.70222E+12,TRUE,TRUE,00:48.6,2023-12-11 00:00:48.628000+08:00
469,2783516283,43914.51,0.0234,3314658509,3314658509,1.70222E+12,FALSE,TRUE,00:48.8,2023-12-11 00:00:48.782000+08:00
470,2783516284,43914.51,0.02585,3314658510,3314658510,1.70222E+12,FALSE,TRUE,00:48.8,2023-12-11 00:00:48.805000+08:00
471,2783516285,43914.51,0.00037,3314658511,3314658511,1.70222E+12,FALSE,TRUE,00:48.8,2023-12-11 00:00:48.822000+08:00
472,2783516286,43914.5,0.00282,3314658512,3314658512,1.70222E+12,TRUE,TRUE,00:48.9,2023-12-11 00:00:48.896000+08:00
473,2783516287,43914.5,0.00047,3314658513,3314658513,1.70222E+12,TRUE,TRUE,00:49.0,2023-12-11 00:00:48.964000+08:00
474,2783516288,43914.51,0.01152,3314658514,3314658514,1.70222E+12,FALSE,TRUE,00:49.0,2023-12-11 00:00:48.970000+08:00
475,2783516289,43914.51,0.00068,3314658515,3314658515,1.70222E+12,FALSE,TRUE,00:49.0,2023-12-11 00:00:49.020000+08:00
476,2783516290,43914.51,0.00912,3314658516,3314658516,1.70222E+12,FALSE,TRUE,00:49.1,2023-12-11 00:00:49.064000+08:00
477,2783516291,43914.51,0.00645,3314658517,3314658517,1.70222E+12,FALSE,TRUE,00:49.1,2023-12-11 00:00:49.106000+08:00
478,2783516292,43914.5,0.00094,3314658518,3314658518,1.70222E+12,TRUE,TRUE,00:49.1,2023-12-11 00:00:49.110000+08:00
479,2783516293,43914.51,0.00936,3314658519,3314658519,1.70222E+12,FALSE,TRUE,00:49.3,2023-12-11 00:00:49.268000+08:00
480,2783516294,43914.5,0.00035,3314658520,3314658520,1.70222E+12,TRUE,TRUE,00:49.3,2023-12-11 00:00:49.282000+08:00
481,2783516295,43914.5,0.00228,3314658521,3314658521,1.70222E+12,TRUE,TRUE,00:49.3,2023-12-11 00:00:49.286000+08:00
482,2783516296,43914.51,0.03415,3314658522,3314658522,1.70222E+12,FALSE,TRUE,00:49.5,2023-12-11 00:00:49.525000+08:00
483,2783516297,43914.51,0.00568,3314658523,3314658523,1.70222E+12,FALSE,TRUE,00:49.6,2023-12-11 00:00:49.568000+08:00
484,2783516298,43914.51,0.01377,3314658524,3314658524,1.70222E+12,FALSE,TRUE,00:49.6,2023-12-11 00:00:49.593000+08:00
485,2783516299,43914.51,0.00027,3314658525,3314658525,1.70222E+12,FALSE,TRUE,00:49.6,2023-12-11 00:00:49.605000+08:00
486,2783516300,43914.51,0.00053,3314658526,3314658526,1.70222E+12,FALSE,TRUE,00:49.8,2023-12-11 00:00:49.826000+08:00
487,2783516301,43914.5,0.00252,3314658527,3314658527,1.70222E+12,TRUE,TRUE,00:49.9,2023-12-11 00:00:49.905000+08:00
488,2783516302,43914.51,0.00228,3314658528,3314658528,1.70222E+12,FALSE,TRUE,00:50.2,2023-12-11 00:00:50.173000+08:00
489,2783516303,43914.51,0.00079,3314658529,3314658529,1.70222E+12,FALSE,TRUE,00:50.6,2023-12-11 00:00:50.598000+08:00
490,2783516304,43914.51,0.00936,3314658530,3314658530,1.70222E+12,FALSE,TRUE,00:50.6,2023-12-11 00:00:50.611000+08:00
491,2783516305,43914.51,0.00154,3314658531,3314658531,1.70222E+12,FALSE,TRUE,00:50.6,2023-12-11 00:00:50.635000+08:00
492,2783516306,43914.51,0.0011,3314658532,3314658532,1.70222E+12,FALSE,TRUE,00:50.8,2023-12-11 00:00:50.809000+08:00
493,2783516307,43914.51,0.00025,3314658533,3314658533,1.70222E+12,FALSE,TRUE,00:50.8,2023-12-11 00:00:50.837000+08:00
494,2783516308,43914.5,0.00161,3314658534,3314658534,1.70222E+12,TRUE,TRUE,00:50.9,2023-12-11 00:00:50.892000+08:00
495,2783516309,43914.5,0.00728,3314658535,3314658535,1.70222E+12,TRUE,TRUE,00:51.3,2023-12-11 00:00:51.269000+08:00
496,2783516310,43914.51,0.00042,3314658536,3314658536,1.70222E+12,FALSE,TRUE,00:51.4,2023-12-11 00:00:51.392000+08:00
497,2783516311,43914.51,0.00164,3314658537,3314658537,1.70222E+12,FALSE,TRUE,00:51.4,2023-12-11 00:00:51.408000+08:00
498,2783516312,43914.5,0.00819,3314658538,3314658538,1.70222E+12,TRUE,TRUE,00:51.9,2023-12-11 00:00:51.914000+08:00
499,2783516313,43914.5,0.00249,3314658539,3314658539,1.70222E+12,TRUE,TRUE,00:51.9,2023-12-11 00:00:51.924000+08:00
500,2783516314,43914.51,0.00329,3314658540,3314658541,1.70222E+12,FALSE,TRUE,00:52.0,2023-12-11 00:00:52.033000+08:00
501,2783516315,43914.51,0.00026,3314658542,3314658542,1.70222E+12,FALSE,TRUE,00:52.2,2023-12-11 00:00:52.210000+08:00
502,2783516316,43914.51,0.00366,3314658543,3314658543,1.70222E+12,FALSE,TRUE,00:52.2,2023-12-11 00:00:52.224000+08:00
503,2783516317,43914.51,0.18182,3314658544,3314658544,1.70222E+12,FALSE,TRUE,00:52.2,2023-12-11 00:00:52.243000+08:00
504,2783516318,43914.51,0.00371,3314658545,3314658545,1.70222E+12,FALSE,TRUE,00:52.3,2023-12-11 00:00:52.251000+08:00
505,2783516319,43914.51,0.00822,3314658546,3314658546,1.70222E+12,FALSE,TRUE,00:52.3,2023-12-11 00:00:52.304000+08:00
506,2783516320,43914.51,0.06831,3314658547,3314658547,1.70222E+12,FALSE,TRUE,00:52.4,2023-12-11 00:00:52.429000+08:00
507,2783516321,43914.5,0.002,3314658548,3314658548,1.70222E+12,TRUE,TRUE,00:52.4,2023-12-11 00:00:52.429000+08:00
508,2783516322,43914.5,0.00331,3314658549,3314658549,1.70222E+12,TRUE,TRUE,00:52.4,2023-12-11 00:00:52.430000+08:00
509,2783516323,43914.5,0.00179,3314658550,3314658550,1.70222E+12,TRUE,TRUE,00:52.4,2023-12-11 00:00:52.430000+08:00
510,2783516324,43914.5,0.0005,3314658551,3314658551,1.70222E+12,TRUE,TRUE,00:52.4,2023-12-11 00:00:52.431000+08:00
511,2783516325,43914.51,0.003,3314658552,3314658552,1.70222E+12,FALSE,TRUE,00:52.6,2023-12-11 00:00:52.584000+08:00
512,2783516326,43914.51,0.00888,3314658553,3314658553,1.70222E+12,FALSE,TRUE,00:52.7,2023-12-11 00:00:52.710000+08:00
513,2783516327,43914.51,0.00046,3314658554,3314658554,1.70222E+12,FALSE,TRUE,00:53.1,2023-12-11 00:00:53.121000+08:00
514,2783516328,43914.51,0.11516,3314658555,3314658555,1.70222E+12,FALSE,TRUE,00:53.2,2023-12-11 00:00:53.170000+08:00
515,2783516329,43914.51,0.00136,3314658556,3314658556,1.70222E+12,FALSE,TRUE,00:53.2,2023-12-11 00:00:53.200000+08:00
516,2783516330,43914.5,0.00018,3314658557,3314658557,1.70222E+12,TRUE,TRUE,00:53.3,2023-12-11 00:00:53.304000+08:00
517,2783516331,43914.51,0.00136,3314658558,3314658558,1.70222E+12,FALSE,TRUE,00:53.3,2023-12-11 00:00:53.310000+08:00
518,2783516332,43914.5,0.00456,3314658559,3314658559,1.70222E+12,TRUE,TRUE,00:53.6,2023-12-11 00:00:53.631000+08:00
519,2783516333,43914.51,0.00328,3314658560,3314658560,1.70222E+12,FALSE,TRUE,00:53.8,2023-12-11 00:00:53.788000+08:00
520,2783516334,43914.51,0.00033,3314658561,3314658561,1.70222E+12,FALSE,TRUE,00:53.8,2023-12-11 00:00:53.811000+08:00
521,2783516335,43914.5,0.00214,3314658562,3314658562,1.70222E+12,TRUE,TRUE,00:53.9,2023-12-11 00:00:53.885000+08:00
522,2783516336,43914.51,0.03017,3314658563,3314658563,1.70222E+12,FALSE,TRUE,00:54.2,2023-12-11 00:00:54.172000+08:00
523,2783516337,43914.5,0.00961,3314658564,3314658564,1.70222E+12,TRUE,TRUE,00:54.2,2023-12-11 00:00:54.220000+08:00
524,2783516338,43914.51,0.00554,3314658565,3314658565,1.70222E+12,FALSE,TRUE,00:54.2,2023-12-11 00:00:54.244000+08:00
525,2783516339,43914.51,0.00154,3314658566,3314658566,1.70222E+12,FALSE,TRUE,00:54.3,2023-12-11 00:00:54.271000+08:00
526,2783516340,43914.5,0.00113,3314658567,3314658567,1.70222E+12,TRUE,TRUE,00:54.6,2023-12-11 00:00:54.563000+08:00
527,2783516341,43914.5,0.00114,3314658568,3314658568,1.70222E+12,TRUE,TRUE,00:54.6,2023-12-11 00:00:54.622000+08:00
528,2783516342,43914.51,0.00093,3314658569,3314658569,1.70222E+12,FALSE,TRUE,00:54.9,2023-12-11 00:00:54.911000+08:00
529,2783516343,43914.5,0.0024,3314658570,3314658570,1.70222E+12,TRUE,TRUE,00:55.0,2023-12-11 00:00:55.043000+08:00
530,2783516344,43914.51,0.00066,3314658571,3314658571,1.70222E+12,FALSE,TRUE,00:55.1,2023-12-11 00:00:55.060000+08:00
531,2783516345,43914.5,0.00134,3314658572,3314658572,1.70222E+12,TRUE,TRUE,00:55.2,2023-12-11 00:00:55.182000+08:00
532,2783516346,43914.5,0.00599,3314658573,3314658573,1.70222E+12,TRUE,TRUE,00:55.6,2023-12-11 00:00:55.568000+08:00
533,2783516347,43914.51,0.00142,3314658574,3314658574,1.70222E+12,FALSE,TRUE,00:55.6,2023-12-11 00:00:55.588000+08:00
534,2783516348,43914.5,0.03463,3314658575,3314658575,1.70222E+12,TRUE,TRUE,00:55.8,2023-12-11 00:00:55.845000+08:00
535,2783516349,43914.51,0.00097,3314658576,3314658576,1.70222E+12,FALSE,TRUE,00:56.5,2023-12-11 00:00:56.537000+08:00
536,2783516350,43914.51,0.00182,3314658577,3314658577,1.70222E+12,FALSE,TRUE,00:56.5,2023-12-11 00:00:56.537000+08:00
537,2783516351,43914.51,0.00181,3314658578,3314658578,1.70222E+12,FALSE,TRUE,00:56.5,2023-12-11 00:00:56.537000+08:00
538,2783516352,43914.51,0.00065,3314658579,3314658579,1.70222E+12,FALSE,TRUE,00:56.5,2023-12-11 00:00:56.538000+08:00
539,2783516353,43914.51,0.00046,3314658580,3314658580,1.70222E+12,FALSE,TRUE,00:56.5,2023-12-11 00:00:56.539000+08:00
540,2783516354,43914.51,0.00046,3314658581,3314658581,1.70222E+12,FALSE,TRUE,00:56.5,2023-12-11 00:00:56.539000+08:00
541,2783516355,43914.51,0.00408,3314658582,3314658582,1.70222E+12,FALSE,TRUE,00:56.6,2023-12-11 00:00:56.576000+08:00
542,2783516356,43914.51,0.00014,3314658583,3314658583,1.70222E+12,FALSE,TRUE,00:56.9,2023-12-11 00:00:56.865000+08:00
543,2783516357,43914.51,0.00164,3314658584,3314658584,1.70222E+12,FALSE,TRUE,00:57.0,2023-12-11 00:00:56.967000+08:00
544,2783516358,43914.5,0.00114,3314658585,3314658585,1.70222E+12,TRUE,TRUE,00:57.1,2023-12-11 00:00:57.082000+08:00
545,2783516359,43914.5,0.00217,3314658586,3314658586,1.70222E+12,TRUE,TRUE,00:57.1,2023-12-11 00:00:57.104000+08:00
546,2783516360,43914.5,0.00576,3314658587,3314658587,1.70222E+12,TRUE,TRUE,00:57.1,2023-12-11 00:00:57.118000+08:00
547,2783516361,43914.51,0.00826,3314658588,3314658588,1.70222E+12,FALSE,TRUE,00:57.2,2023-12-11 00:00:57.211000+08:00
548,2783516362,43914.51,0.01136,3314658589,3314658589,1.70222E+12,FALSE,TRUE,00:57.3,2023-12-11 00:00:57.287000+08:00
549,2783516363,43914.5,0.01105,3314658590,3314658590,1.70222E+12,TRUE,TRUE,00:57.5,2023-12-11 00:00:57.540000+08:00
550,2783516364,43914.51,0.00049,3314658591,3314658591,1.70222E+12,FALSE,TRUE,00:57.6,2023-12-11 00:00:57.618000+08:00
551,2783516365,43914.51,0.00051,3314658592,3314658592,1.70222E+12,FALSE,TRUE,00:57.8,2023-12-11 00:00:57.838000+08:00
552,2783516366,43914.51,0.02275,3314658593,3314658593,1.70222E+12,FALSE,TRUE,00:58.1,2023-12-11 00:00:58.076000+08:00
553,2783516367,43914.5,0.00272,3314658594,3314658594,1.70222E+12,TRUE,TRUE,00:58.6,2023-12-11 00:00:58.600000+08:00
554,2783516368,43914.5,0.00095,3314658595,3314658595,1.70222E+12,TRUE,TRUE,00:59.5,2023-12-11 00:00:59.451000+08:00
555,2783516369,43914.5,0.00157,3314658596,3314658596,1.70222E+12,TRUE,TRUE,00:59.5,2023-12-11 00:00:59.455000+08:00
556,2783516370,43914.5,0.00046,3314658597,3314658597,1.70222E+12,TRUE,TRUE,00:59.5,2023-12-11 00:00:59.505000+08:00
557,2783516371,43914.51,0.11184,3314658598,3314658598,1.70222E+12,FALSE,TRUE,00:59.8,2023-12-11 00:00:59.805000+08:00
558,2783516372,43914.51,0.00199,3314658599,3314658599,1.70222E+12,FALSE,TRUE,00:59.8,2023-12-11 00:00:59.821000+08:00
559,2783516373,43914.51,0.00626,3314658600,3314658600,1.70222E+12,FALSE,TRUE,00:59.9,2023-12-11 00:00:59.927000+08:00
560,2783516374,43914.5,0.00125,3314658601,3314658601,1.70222E+12,TRUE,TRUE,01:00.0,2023-12-11 00:00:59.977000+08:00
561,2783516375,43914.5,0.00119,3314658602,3314658602,1.70222E+12,TRUE,TRUE,01:00.0,2023-12-11 00:00:59.981000+08:00
562,2783516376,43914.5,0.00077,3314658603,3314658603,1.70222E+12,TRUE,TRUE,01:00.0,2023-12-11 00:00:59.981000+08:00
563,2783516377,43914.5,0.00107,3314658604,3314658604,1.70222E+12,TRUE,TRUE,01:00.0,2023-12-11 00:00:59.982000+08:00
564,2783516378,43914.5,0.00207,3314658605,3314658605,1.70222E+12,TRUE,TRUE,01:00.0,2023-12-11 00:00:59.984000+08:00
565,2783516379,43914.51,0.00141,3314658606,3314658606,1.70222E+12,FALSE,TRUE,01:00.0,2023-12-11 00:00:59.989000+08:00
566,2783516380,43914.51,0.00143,3314658607,3314658607,1.70222E+12,FALSE,TRUE,01:00.0,2023-12-11 00:00:59.989000+08:00
567,2783516381,43914.51,0.0022,3314658608,3314658608,1.70222E+12,FALSE,TRUE,01:00.0,2023-12-11 00:00:59.989000+08:00
568,2783516382,43914.51,0.00163,3314658609,3314658609,1.70222E+12,FALSE,TRUE,01:00.0,2023-12-11 00:00:59.989000+08:00
569,2783516383,43914.51,0.00118,3314658610,3314658610,1.70222E+12,FALSE,TRUE,01:00.0,2023-12-11 00:00:59.990000+08:00
570,2783516384,43914.5,0.00051,3314658611,3314658611,1.70222E+12,TRUE,TRUE,01:00.0,2023-12-11 00:00:59.990000+08:00
571,2783516385,43914.51,0.00224,3314658612,3314658612,1.70222E+12,FALSE,TRUE,01:00.0,2023-12-11 00:00:59.991000+08:00
572,2783516386,43914.5,0.00159,3314658613,3314658613,1.70222E+12,TRUE,TRUE,01:00.0,2023-12-11 00:00:59.992000+08:00
573,2783516387,43914.51,0.00202,3314658614,3314658614,1.70222E+12,FALSE,TRUE,01:00.0,2023-12-11 00:00:59.992000+08:00
574,2783516388,43914.51,0.00181,3314658615,3314658615,1.70222E+12,FALSE,TRUE,01:00.0,2023-12-11 00:00:59.992000+08:00
575,2783516389,43914.5,0.00064,3314658616,3314658616,1.70222E+12,TRUE,TRUE,01:00.0,2023-12-11 00:00:59.993000+08:00
576,2783516390,43914.5,0.00117,3314658617,3314658617,1.70222E+12,TRUE,TRUE,01:00.0,2023-12-11 00:00:59.993000+08:00
577,2783516391,43914.51,0.00242,3314658618,3314658618,1.70222E+12,FALSE,TRUE,01:00.0,2023-12-11 00:00:59.994000+08:00
578,2783516392,43914.5,0.00248,3314658619,3314658619,1.70222E+12,TRUE,TRUE,01:00.0,2023-12-11 00:00:59.995000+08:00
579,2783516393,43914.5,0.00056,3314658620,3314658620,1.70222E+12,TRUE,TRUE,01:00.0,2023-12-11 00:00:59.996000+08:00
580,2783516394,43914.5,0.00063,3314658621,3314658621,1.70222E+12,TRUE,TRUE,01:00.0,2023-12-11 00:00:59.997000+08:00
581,2783516395,43914.51,0.00131,3314658622,3314658622,1.70222E+12,FALSE,TRUE,01:00.0,2023-12-11 00:00:59.997000+08:00
582,2783516396,43914.51,0.00056,3314658623,3314658623,1.70222E+12,FALSE,TRUE,01:00.0,2023-12-11 00:00:59.997000+08:00
583,2783516397,43914.51,0.00217,3314658624,3314658624,1.70222E+12,FALSE,TRUE,01:00.0,2023-12-11 00:00:59.997000+08:00
584,2783516398,43914.5,0.00174,3314658625,3314658625,1.70222E+12,TRUE,TRUE,01:00.0,2023-12-11 00:01:00+08:00
