,a,p,q,f,l,T,m,M
0,2783515814,43903.74000000,0.00104000,3314657946,3314657946,1702224000000,False,True
1,2783515815,43903.74000000,0.00210000,3314657947,3314657947,1702224000003,False,True
2,2783515816,43903.74000000,0.00168000,3314657948,3314657948,1702224000003,False,True
3,2783515817,43903.74000000,0.00062000,3314657949,3314657949,1702224000005,False,True
4,2783515818,43903.74000000,0.00202000,3314657950,3314657950,1702224000005,False,True
5,2783515819,43903.73000000,0.00223000,3314657951,3314657951,1702224000005,True,True
6,2783515820,43903.74000000,0.00082000,3314657952,3314657952,1702224000007,False,True
7,2783515821,43903.73000000,0.00038000,3314657953,3314657953,1702224000007,True,True
8,2783515822,43903.73000000,0.00170000,3314657954,3314657954,1702224000008,True,True
9,2783515823,43903.74000000,0.00150000,3314657955,3314657955,1702224000008,False,True
10,2783515824,43903.74000000,0.00064000,3314657956,3314657956,1702224000009,False,True
11,2783515825,43903.73000000,0.00049000,3314657957,3314657957,1702224000009,True,True
12,2783515826,43903.73000000,0.00186000,3314657958,3314657958,1702224000009,True,True
13,2783515827,43903.73000000,0.00234000,3314657959,3314657959,1702224000010,True,True
14,2783515828,43903.73000000,0.00249000,3314657960,3314657960,1702224000010,True,True
15,2783515829,43903.74000000,0.00162000,3314657961,3314657961,1702224000010,False,True
16,2783515830,43903.74000000,0.00062000,3314657962,3314657962,1702224000010,False,True
17,2783515831,43903.73000000,0.00136000,3314657963,3314657963,1702224000011,True,True
18,2783515832,43903.74000000,0.00089000,3314657964,3314657964,1702224000011,False,True
19,2783515833,43903.73000000,0.00137000,3314657965,3314657965,1702224000011,True,True
20,2783515834,43903.73000000,0.00147000,3314657966,3314657966,1702224000012,True,True
21,2783515835,43903.74000000,0.00213000,3314657967,3314657967,1702224000013,False,True
22,2783515836,43903.73000000,0.00224000,3314657968,3314657968,1702224000013,True,True
23,2783515837,43903.74000000,0.00135000,3314657969,3314657969,1702224000014,False,True
24,2783515838,43903.74000000,0.00142000,3314657970,3314657970,1702224000016,False,True
25,2783515839,43903.74000000,0.00085000,3314657971,3314657971,1702224000018,False,True
26,2783515840,43903.73000000,0.00046000,3314657972,3314657972,1702224000022,True,True
27,2783515841,43903.73000000,0.00213000,3314657973,3314657973,1702224000022,True,True
28,2783515842,43903.74000000,0.00100000,3314657974,3314657974,1702224000178,False,True
29,2783515843,43903.74000000,0.00166000,3314657975,3314657975,1702224000251,False,True
30,2783515844,43903.74000000,0.00027000,3314657976,3314657976,1702224000314,False,True
31,2783515845,43903.74000000,0.00092000,3314657977,3314657977,1702224000785,False,True
32,2783515846,43903.74000000,0.02171000,3314657978,3314657978,1702224000942,False,True
33,2783515847,43903.74000000,0.00083000,3314657979,3314657979,1702224000953,False,True
34,2783515848,43903.74000000,0.00291000,3314657980,3314657980,1702224000964,False,True
35,2783515849,43903.74000000,0.00071000,3314657981,3314657981,1702224001059,False,True
36,2783515850,43903.74000000,0.05036000,3314657982,3314657983,1702224001075,False,True
37,2783515851,43903.73000000,0.26281000,3314657984,3314657985,1702224002193,True,True
38,2783515852,43903.73000000,0.00623000,3314657986,3314657986,1702224002413,True,True
39,2783515853,43903.73000000,0.00280000,3314657987,3314657987,1702224002436,True,True
40,2783515854,43903.73000000,0.00498000,3314657988,3314657988,1702224002610,True,True
41,2783515855,43903.73000000,0.09678000,3314657989,3314657990,1702224002733,True,True
42,2783515856,43903.73000000,0.56000000,3314657991,3314657997,1702224002733,True,True
43,2783515857,43903.73000000,0.51958000,3314657998,3314658003,1702224002734,True,True
44,2783515858,43903.73000000,0.00104000,3314658004,3314658004,1702224002751,True,True
45,2783515859,43903.73000000,0.00064000,3314658005,3314658005,1702224002754,True,True
46,2783515860,43903.73000000,0.00249000,3314658006,3314658006,1702224002887,True,True
47,2783515861,43903.74000000,0.02355000,3314658007,3314658007,1702224003026,False,True
48,2783515862,43903.73000000,0.00060000,3314658008,3314658008,1702224003192,True,True
49,2783515863,43903.73000000,0.00828000,3314658009,3314658009,1702224003260,True,True
50,2783515864,43903.74000000,0.00413000,3314658010,3314658010,1702224003361,False,True
51,2783515865,43903.74000000,0.00470000,3314658011,3314658011,1702224003373,False,True
52,2783515866,43903.74000000,0.36021000,3314658012,3314658012,1702224003405,False,True
53,2783515867,43903.73000000,0.00207000,3314658013,3314658013,1702224003452,True,True
54,2783515868,43903.74000000,0.03518000,3314658014,3314658014,1702224003462,False,True
55,2783515869,43903.73000000,0.00297000,3314658015,3314658015,1702224003478,True,True
56,2783515870,43903.74000000,0.67460000,3314658016,3314658016,1702224003501,False,True
57,2783515871,43903.73000000,0.00251000,3314658017,3314658017,1702224003509,True,True
58,2783515872,43903.74000000,0.01126000,3314658018,3314658018,1702224003534,False,True
59,2783515873,43903.74000000,0.04689000,3314658019,3314658019,1702224003538,False,True
60,2783515874,43903.73000000,0.00015000,3314658020,3314658020,1702224003556,True,True
61,2783515875,43903.74000000,0.23732000,3314658021,3314658021,1702224003577,False,True
62,2783515876,43903.74000000,0.01181000,3314658022,3314658022,1702224003604,False,True
63,2783515877,43903.73000000,0.00069000,3314658023,3314658023,1702224003646,True,True
64,2783515878,43903.74000000,0.01164000,3314658024,3314658024,1702224003711,False,True
65,2783515879,43903.74000000,0.00644000,3314658025,3314658025,1702224003723,False,True
66,2783515880,43903.74000000,0.00061000,3314658026,3314658027,1702224003727,False,True
67,2783515881,43903.73000000,0.00043000,3314658028,3314658029,1702224003810,True,True
68,2783515882,43903.74000000,0.00210000,3314658030,3314658030,1702224003847,False,True
69,2783515883,43903.74000000,0.02271000,3314658031,3314658031,1702224003880,False,True
70,2783515884,43903.74000000,0.45043000,3314658032,3314658042,1702224003919,False,True
71,2783515885,43903.74000000,0.01126000,3314658043,3314658043,1702224004020,False,True
72,2783515886,43903.73000000,0.00695000,3314658044,3314658044,1702224004071,True,True
73,2783515887,43903.73000000,0.01161000,3314658045,3314658045,1702224004254,True,True
74,2783515888,43903.74000000,0.02847000,3314658046,3314658046,1702224004334,False,True
75,2783515889,43903.74000000,0.00181000,3314658047,3314658047,1702224004467,False,True
76,2783515890,43903.74000000,0.00273000,3314658048,3314658048,1702224004526,False,True
77,2783515891,43903.74000000,0.00342000,3314658049,3314658049,1702224004529,False,True
78,2783515892,43903.74000000,0.00086000,3314658050,3314658050,1702224004570,False,True
79,2783515893,43903.73000000,0.00373000,3314658051,3314658051,1702224004849,True,True
80,2783515894,43903.73000000,0.00209000,3314658052,3314658052,1702224005000,True,True
81,2783515895,43903.74000000,0.00257000,3314658053,3314658053,1702224005137,False,True
82,2783515896,43903.74000000,0.00358000,3314658054,3314658054,1702224005216,False,True
83,2783515897,43903.74000000,0.00068000,3314658055,3314658055,1702224005241,False,True
84,2783515898,43903.74000000,0.00084000,3314658056,3314658056,1702224005248,False,True
85,2783515899,43903.74000000,0.01141000,3314658057,3314658057,1702224005321,False,True
86,2783515900,43903.74000000,0.47501000,3314658058,3314658063,1702224005369,False,True
87,2783515901,43903.74000000,0.04556000,3314658064,3314658064,1702224005607,False,True
88,2783515902,43903.74000000,0.00112000,3314658065,3314658065,1702224005707,False,True
89,2783515903,43903.74000000,0.00023000,3314658066,3314658066,1702224006091,False,True
90,2783515904,43903.73000000,0.00230000,3314658067,3314658067,1702224006310,True,True
91,2783515905,43903.74000000,0.00277000,3314658068,3314658068,1702224006382,False,True
92,2783515906,43903.74000000,0.00100000,3314658069,3314658069,1702224006587,False,True
93,2783515907,43903.73000000,0.00425000,3314658070,3314658070,1702224006713,True,True
94,2783515908,43903.74000000,0.00542000,3314658071,3314658071,1702224007123,False,True
95,2783515909,43903.73000000,0.00015000,3314658072,3314658072,1702224007160,True,True
96,2783515910,43903.73000000,0.00455000,3314658073,3314658073,1702224007186,True,True
97,2783515911,43903.74000000,0.01142000,3314658074,3314658074,1702224007188,False,True
98,2783515912,43903.74000000,0.00328000,3314658075,3314658075,1702224007325,False,True
99,2783515913,43903.74000000,0.02549000,3314658076,3314658076,1702224007349,False,True
100,2783515914,43903.74000000,0.00382000,3314658077,3314658077,1702224007372,False,True
101,2783515915,43903.74000000,0.00430000,3314658078,3314658078,1702224007396,False,True
102,2783515916,43903.74000000,0.00062000,3314658079,3314658079,1702224007411,False,True
103,2783515917,43903.74000000,0.00384000,3314658080,3314658080,1702224007419,False,True
104,2783515918,43903.74000000,0.01379000,3314658081,3314658081,1702224007518,False,True
105,2783515919,43903.74000000,0.01316000,3314658082,3314658082,1702224008031,False,True
106,2783515920,43903.74000000,0.00014000,3314658083,3314658083,1702224008835,False,True
107,2783515921,43903.73000000,0.00078000,3314658084,3314658084,1702224009082,True,True
108,2783515922,43903.74000000,0.02278000,3314658085,3314658085,1702224009110,False,True
109,2783515923,43903.74000000,0.01225000,3314658086,3314658086,1702224009188,False,True
110,2783515924,43903.73000000,0.00309000,3314658087,3314658087,1702224009192,True,True
111,2783515925,43903.74000000,0.01212000,3314658088,3314658088,1702224009258,False,True
112,2783515926,43903.74000000,0.00487000,3314658089,3314658089,1702224009549,False,True
113,2783515927,43903.74000000,0.05242000,3314658090,3314658090,1702224009572,False,True
114,2783515928,43903.74000000,0.00109000,3314658091,3314658091,1702224009586,False,True
115,2783515929,43903.74000000,0.00103000,3314658092,3314658092,1702224009588,False,True
116,2783515930,43903.74000000,0.05815000,3314658093,3314658093,1702224009595,False,True
117,2783515931,43903.74000000,0.06249000,3314658094,3314658094,1702224009619,False,True
118,2783515932,43903.74000000,0.05761000,3314658095,3314658095,1702224009643,False,True
119,2783515933,43903.74000000,0.06237000,3314658096,3314658097,1702224009667,False,True
120,2783515934,43903.74000000,0.05291000,3314658098,3314658098,1702224009690,False,True
121,2783515935,43903.74000000,0.02033000,3314658099,3314658099,1702224009714,False,True
122,2783515936,43903.73000000,0.00030000,3314658100,3314658100,1702224010694,True,True
123,2783515937,43903.73000000,0.00143000,3314658101,3314658101,1702224010896,True,True
124,2783515938,43903.73000000,0.00148000,3314658102,3314658102,1702224011077,True,True
125,2783515939,43903.74000000,0.00034000,3314658103,3314658103,1702224011333,False,True
126,2783515940,43903.74000000,0.00140000,3314658104,3314658104,1702224011383,False,True
127,2783515941,43903.74000000,0.00020000,3314658105,3314658105,1702224011435,False,True
128,2783515942,43903.74000000,0.00052000,3314658106,3314658106,1702224011782,False,True
129,2783515943,43903.73000000,0.00072000,3314658107,3314658107,1702224012428,True,True
130,2783515944,43903.73000000,0.00045000,3314658108,3314658108,1702224012454,True,True
131,2783515945,43903.74000000,0.05386000,3314658109,3314658114,1702224012599,False,True
132,2783515946,43903.74000000,0.06111000,3314658115,3314658115,1702224012622,False,True
133,2783515947,43903.74000000,0.05170000,3314658116,3314658117,1702224012646,False,True
134,2783515948,43903.74000000,0.01670000,3314658118,3314658118,1702224012675,False,True
135,2783515949,43903.73000000,0.00017000,3314658119,3314658119,1702224012939,True,True
136,2783515950,43903.74000000,0.26565000,3314658120,3314658123,1702224012958,False,True
137,2783515951,43903.74000000,0.47085000,3314658124,3314658126,1702224012978,False,True
138,2783515952,43903.74000000,0.26564000,3314658127,3314658129,1702224012982,False,True
139,2783515953,43903.86000000,0.07968000,3314658130,3314658130,1702224012982,False,True
140,2783515954,43903.86000000,0.03353000,3314658131,3314658131,1702224012983,False,True
141,2783515955,43904.02000000,0.00216000,3314658132,3314658132,1702224012987,False,True
142,2783515956,43904.16000000,0.00213000,3314658133,3314658133,1702224012987,False,True
143,2783515957,43904.38000000,0.00123000,3314658134,3314658134,1702224012995,True,True
144,2783515958,43904.38000000,0.00082000,3314658135,3314658135,1702224013003,True,True
145,2783515959,43904.39000000,0.00012000,3314658136,3314658136,1702224013053,False,True
146,2783515960,43904.39000000,0.00155000,3314658137,3314658137,1702224013123,False,True
147,2783515961,43904.38000000,0.00021000,3314658138,3314658138,1702224013194,True,True
148,2783515962,43904.39000000,0.00244000,3314658139,3314658139,1702224013205,False,True
149,2783515963,43904.38000000,0.00297000,3314658140,3314658141,1702224013235,True,True
150,2783515964,43904.39000000,0.00022000,3314658142,3314658142,1702224013432,False,True
151,2783515965,43904.38000000,0.06344000,3314658143,3314658143,1702224013548,True,True
152,2783515966,43904.38000000,0.01064000,3314658144,3314658144,1702224013984,True,True
153,2783515967,43904.38000000,0.00043000,3314658145,3314658145,1702224014055,True,True
154,2783515968,43904.38000000,0.00197000,3314658146,3314658146,1702224014310,True,True
155,2783515969,43904.38000000,0.00683000,3314658147,3314658147,1702224014924,True,True
156,2783515970,43904.39000000,0.22904000,3314658148,3314658150,1702224015065,False,True
157,2783515971,43904.52000000,0.00216000,3314658151,3314658151,1702224015066,False,True
158,2783515972,43904.57000000,0.00541000,3314658152,3314658152,1702224015066,False,True
159,2783515973,43904.64000000,0.00213000,3314658153,3314658153,1702224015066,False,True
160,2783515974,43905.02000000,0.00216000,3314658154,3314658154,1702224015066,False,True
161,2783515975,43905.12000000,0.00213000,3314658155,3314658155,1702224015066,False,True
162,2783515976,43905.39000000,0.03500000,3314658156,3314658156,1702224015066,False,True
163,2783515977,43905.40000000,0.17093000,3314658157,3314658161,1702224015066,False,True
164,2783515978,43905.43000000,0.02023000,3314658162,3314658162,1702224015066,False,True
165,2783515979,43905.43000000,0.14667000,3314658163,3314658163,1702224015069,False,True
166,2783515980,43905.43000000,0.33310000,3314658164,3314658164,1702224015069,False,True
167,2783515981,43905.52000000,0.00216000,3314658165,3314658165,1702224015069,False,True
168,2783515982,43905.60000000,0.00213000,3314658166,3314658166,1702224015069,False,True
169,2783515983,43905.93000000,0.04538000,3314658167,3314658167,1702224015101,True,True
170,2783515984,43905.94000000,0.00655000,3314658168,3314658168,1702224015114,False,True
171,2783515985,43905.94000000,0.22615000,3314658169,3314658171,1702224015118,False,True
172,2783515986,43906.02000000,0.00216000,3314658172,3314658172,1702224015118,False,True
173,2783515987,43906.08000000,0.00213000,3314658173,3314658173,1702224015118,False,True
174,2783515988,43906.23000000,0.00541000,3314658174,3314658174,1702224015118,False,True
175,2783515989,43906.45000000,0.00694000,3314658175,3314658175,1702224015118,False,True
176,2783515990,43906.52000000,0.00216000,3314658176,3314658176,1702224015118,False,True
177,2783515991,43906.56000000,0.00213000,3314658177,3314658177,1702224015118,False,True
178,2783515992,43906.73000000,0.12985000,3314658178,3314658178,1702224015118,False,True
179,2783515993,43907.02000000,0.00216000,3314658179,3314658179,1702224015118,False,True
180,2783515994,43907.04000000,0.00213000,3314658180,3314658180,1702224015118,False,True
181,2783515995,43907.06000000,0.00541000,3314658181,3314658181,1702224015118,False,True
182,2783515996,43907.49000000,0.09108000,3314658182,3314658182,1702224015118,False,True
183,2783515997,43907.52000000,0.00429000,3314658183,3314658184,1702224015118,False,True
184,2783515998,43907.81000000,0.00541000,3314658185,3314658185,1702224015118,False,True
185,2783515999,43907.89000000,0.00541000,3314658186,3314658186,1702224015118,False,True
186,2783516000,43907.91000000,0.00020000,3314658187,3314658187,1702224015118,False,True
187,2783516001,43908.00000000,0.00213000,3314658188,3314658188,1702224015118,False,True
188,2783516002,43908.02000000,0.00216000,3314658189,3314658189,1702224015118,False,True
189,2783516003,43908.14000000,0.00269000,3314658190,3314658190,1702224015118,False,True
190,2783516004,43908.48000000,0.00213000,3314658191,3314658191,1702224015130,False,True
191,2783516005,43908.52000000,0.00216000,3314658192,3314658192,1702224015130,False,True
192,2783516006,43908.72000000,0.00541000,3314658193,3314658193,1702224015130,False,True
193,2783516007,43908.96000000,0.00213000,3314658194,3314658194,1702224015130,False,True
194,2783516008,43909.02000000,0.00216000,3314658195,3314658195,1702224015130,False,True
195,2783516009,43909.15000000,0.01599000,3314658196,3314658196,1702224015139,False,True
196,2783516010,43909.15000000,0.00025000,3314658197,3314658197,1702224015142,False,True
197,2783516011,43909.14000000,0.00045000,3314658198,3314658198,1702224015356,True,True
198,2783516012,43909.15000000,0.00019000,3314658199,3314658199,1702224015369,False,True
199,2783516013,43909.14000000,0.00020000,3314658200,3314658200,1702224015516,True,True
200,2783516014,43909.15000000,0.00110000,3314658201,3314658201,1702224016362,False,True
201,2783516015,43909.15000000,0.00087000,3314658202,3314658202,1702224016422,False,True
202,2783516016,43909.14000000,0.00624000,3314658203,3314658203,1702224016528,True,True
203,2783516017,43909.14000000,0.00240000,3314658204,3314658204,1702224016588,True,True
204,2783516018,43909.14000000,0.00111000,3314658205,3314658205,1702224016911,True,True
205,2783516019,43909.15000000,0.20001000,3314658206,3314658208,1702224017481,False,True
206,2783516020,43909.14000000,0.00319000,3314658209,3314658209,1702224017692,True,True
207,2783516021,43909.14000000,0.01138000,3314658210,3314658210,1702224018331,True,True
208,2783516022,43909.14000000,0.00026000,3314658211,3314658211,1702224018513,True,True
209,2783516023,43909.14000000,0.00036000,3314658212,3314658212,1702224018621,True,True
210,2783516024,43909.14000000,0.00123000,3314658213,3314658213,1702224018658,True,True
211,2783516025,43909.14000000,0.00065000,3314658214,3314658214,1702224019013,True,True
212,2783516026,43909.15000000,0.00182000,3314658215,3314658215,1702224019424,False,True
213,2783516027,43909.15000000,0.00045000,3314658216,3314658216,1702224019425,False,True
214,2783516028,43909.15000000,0.00110000,3314658217,3314658217,1702224019509,False,True
215,2783516029,43909.15000000,0.02297000,3314658218,3314658218,1702224019673,False,True
216,2783516030,43909.15000000,0.05904000,3314658219,3314658220,1702224019696,False,True
217,2783516031,43909.15000000,0.00073000,3314658221,3314658221,1702224019720,False,True
218,2783516032,43909.14000000,0.00082000,3314658222,3314658222,1702224020177,True,True
219,2783516033,43909.14000000,0.02050000,3314658223,3314658223,1702224020830,True,True
220,2783516034,43909.14000000,0.00031000,3314658224,3314658224,1702224021182,True,True
221,2783516035,43909.14000000,0.00387000,3314658225,3314658225,1702224021232,True,True
222,2783516036,43909.14000000,0.00527000,3314658226,3314658226,1702224021504,True,True
223,2783516037,43909.14000000,0.00297000,3314658227,3314658227,1702224021582,True,True
224,2783516038,43909.15000000,0.00065000,3314658228,3314658228,1702224021666,False,True
225,2783516039,43909.14000000,0.00074000,3314658229,3314658229,1702224021735,True,True
226,2783516040,43909.15000000,0.00316000,3314658230,3314658230,1702224022167,False,True
227,2783516041,43909.15000000,0.00065000,3314658231,3314658231,1702224022227,False,True
228,2783516042,43909.14000000,0.00110000,3314658232,3314658232,1702224022700,True,True
229,2783516043,43909.15000000,0.00138000,3314658233,3314658234,1702224022711,False,True
230,2783516044,43909.14000000,0.00045000,3314658235,3314658235,1702224022713,True,True
231,2783516045,43909.14000000,0.00020000,3314658236,3314658236,1702224022901,True,True
232,2783516046,43909.14000000,0.00232000,3314658237,3314658237,1702224023242,True,True
233,2783516047,43909.14000000,0.00025000,3314658238,3314658238,1702224023404,True,True
234,2783516048,43909.15000000,0.01184000,3314658239,3314658240,1702224023693,False,True
235,2783516049,43909.15000000,0.00020000,3314658241,3314658241,1702224023721,False,True
236,2783516050,43909.15000000,0.00034000,3314658242,3314658242,1702224023769,False,True
237,2783516051,43909.14000000,0.00014000,3314658243,3314658243,1702224023781,True,True
238,2783516052,43909.15000000,0.19859000,3314658244,3314658245,1702224023904,False,True
239,2783516053,43909.15000000,0.01044000,3314658246,3314658246,1702224023908,False,True
240,2783516054,43909.15000000,0.00019000,3314658247,3314658247,1702224024033,False,True
241,2783516055,43909.15000000,0.00475000,3314658248,3314658248,1702224024228,False,True
242,2783516056,43909.15000000,0.00096000,3314658249,3314658249,1702224024229,False,True
243,2783516057,43909.15000000,0.01019000,3314658250,3314658250,1702224024333,False,True
244,2783516058,43909.15000000,0.04520000,3314658251,3314658251,1702224024470,False,True
245,2783516059,43909.15000000,0.02766000,3314658252,3314658254,1702224024474,False,True
246,2783516060,43909.15000000,0.00016000,3314658255,3314658255,1702224025192,False,True
247,2783516061,43909.15000000,0.00013000,3314658256,3314658256,1702224025197,False,True
248,2783516062,43909.15000000,0.00013000,3314658257,3314658257,1702224025198,False,True
249,2783516063,43909.15000000,0.12600000,3314658258,3314658262,1702224025449,False,True
250,2783516064,43909.30000000,0.00200000,3314658263,3314658264,1702224025449,False,True
251,2783516065,43909.44000000,0.00213000,3314658265,3314658265,1702224025449,False,True
252,2783516066,43909.52000000,0.00216000,3314658266,3314658266,1702224025449,False,True
253,2783516067,43909.55000000,0.00541000,3314658267,3314658267,1702224025449,False,True
254,2783516068,43909.92000000,0.00213000,3314658268,3314658268,1702224025449,False,True
255,2783516069,43910.00000000,0.02112000,3314658269,3314658270,1702224025449,False,True
256,2783516070,43910.02000000,0.00216000,3314658271,3314658271,1702224025449,False,True
257,2783516071,43910.28000000,0.09945000,3314658272,3314658272,1702224025449,False,True
258,2783516072,43910.28000000,0.00115000,3314658273,3314658273,1702224025479,False,True
259,2783516073,43910.27000000,0.00314000,3314658274,3314658274,1702224026005,True,True
260,2783516074,43910.28000000,0.00096000,3314658275,3314658275,1702224026653,False,True
261,2783516075,43910.28000000,0.00337000,3314658276,3314658276,1702224026963,False,True
262,2783516076,43910.28000000,0.00115000,3314658277,3314658277,1702224027023,False,True
263,2783516077,43910.28000000,0.00147000,3314658278,3314658278,1702224027485,False,True
264,2783516078,43910.28000000,0.00020000,3314658279,3314658279,1702224027766,False,True
265,2783516079,43910.27000000,0.00016000,3314658280,3314658280,1702224027813,True,True
266,2783516080,43910.28000000,0.29982000,3314658281,3314658283,1702224027895,False,True
267,2783516081,43910.38000000,0.00541000,3314658284,3314658284,1702224027899,False,True
268,2783516082,43910.40000000,0.00213000,3314658285,3314658285,1702224027899,False,True
269,2783516083,43910.52000000,0.00216000,3314658286,3314658286,1702224027899,False,True
270,2783516084,43910.88000000,0.00213000,3314658287,3314658287,1702224027899,False,True
271,2783516085,43911.02000000,0.00216000,3314658288,3314658288,1702224027899,False,True
272,2783516086,43911.10000000,0.00087000,3314658289,3314658289,1702224027900,False,True
273,2783516087,43911.10000000,0.00118000,3314658290,3314658290,1702224027900,False,True
274,2783516088,43911.10000000,0.00100000,3314658291,3314658291,1702224027900,False,True
275,2783516089,43911.10000000,0.00095000,3314658292,3314658292,1702224027901,False,True
276,2783516090,43911.10000000,0.00141000,3314658293,3314658293,1702224027901,False,True
277,2783516091,43911.10000000,0.00123000,3314658294,3314658294,1702224027901,False,True
278,2783516092,43911.10000000,0.00100000,3314658295,3314658295,1702224027901,False,True
279,2783516093,43911.10000000,0.00091000,3314658296,3314658296,1702224027901,False,True
280,2783516094,43911.10000000,0.00100000,3314658297,3314658297,1702224027902,False,True
281,2783516095,43911.10000000,0.00089000,3314658298,3314658298,1702224027904,False,True
282,2783516096,43911.09000000,0.00022000,3314658299,3314658299,1702224027939,True,True
283,2783516097,43911.10000000,0.00089000,3314658300,3314658300,1702224027949,False,True
284,2783516098,43911.10000000,0.00100000,3314658301,3314658301,1702224027949,False,True
285,2783516099,43911.10000000,0.00093000,3314658302,3314658302,1702224027949,False,True
286,2783516100,43911.10000000,0.00097000,3314658303,3314658303,1702224027949,False,True
287,2783516101,43911.10000000,0.00096000,3314658304,3314658304,1702224027949,False,True
288,2783516102,43911.10000000,0.00091000,3314658305,3314658305,1702224027949,False,True
289,2783516103,43911.10000000,0.00125000,3314658306,3314658306,1702224027949,False,True
290,2783516104,43911.10000000,0.00094000,3314658307,3314658307,1702224027949,False,True
291,2783516105,43911.10000000,0.00098000,3314658308,3314658308,1702224027949,False,True
292,2783516106,43911.10000000,0.00091000,3314658309,3314658309,1702224027949,False,True
293,2783516107,43911.10000000,0.00107000,3314658310,3314658310,1702224027949,False,True
294,2783516108,43911.10000000,0.00091000,3314658311,3314658311,1702224027949,False,True
295,2783516109,43911.10000000,0.00088000,3314658312,3314658312,1702224027949,False,True
296,2783516110,43911.10000000,0.00091000,3314658313,3314658313,1702224027949,False,True
297,2783516111,43911.10000000,0.00118000,3314658314,3314658314,1702224027949,False,True
298,2783516112,43911.10000000,0.00091000,3314658315,3314658315,1702224027949,False,True
299,2783516113,43911.10000000,0.00091000,3314658316,3314658316,1702224027949,False,True
300,2783516114,43911.10000000,0.00095000,3314658317,3314658317,1702224027949,False,True
301,2783516115,43911.10000000,0.00089000,3314658318,3314658318,1702224027949,False,True
302,2783516116,43911.10000000,0.00089000,3314658319,3314658319,1702224027949,False,True
303,2783516117,43911.10000000,0.00097000,3314658320,3314658320,1702224027949,False,True
304,2783516118,43911.10000000,0.00091000,3314658321,3314658321,1702224027949,False,True
305,2783516119,43911.10000000,0.00092000,3314658322,3314658322,1702224027949,False,True
306,2783516120,43911.10000000,0.00091000,3314658323,3314658323,1702224027949,False,True
307,2783516121,43911.10000000,0.00100000,3314658324,3314658324,1702224027949,False,True
308,2783516122,43911.10000000,0.00091000,3314658325,3314658325,1702224027949,False,True
309,2783516123,43911.10000000,0.00090000,3314658326,3314658326,1702224027949,False,True
310,2783516124,43911.10000000,0.00094000,3314658327,3314658327,1702224027949,False,True
311,2783516125,43911.10000000,0.00123000,3314658328,3314658328,1702224027949,False,True
312,2783516126,43911.10000000,0.00091000,3314658329,3314658329,1702224027949,False,True
313,2783516127,43911.10000000,0.00102000,3314658330,3314658330,1702224027949,False,True
314,2783516128,43911.10000000,0.00091000,3314658331,3314658331,1702224027949,False,True
315,2783516129,43911.10000000,0.00091000,3314658332,3314658332,1702224027950,False,True
316,2783516130,43911.10000000,0.00088000,3314658333,3314658333,1702224027950,False,True
317,2783516131,43911.10000000,0.00107000,3314658334,3314658334,1702224027950,False,True
318,2783516132,43911.10000000,0.00089000,3314658335,3314658335,1702224027950,False,True
319,2783516133,43911.10000000,0.00095000,3314658336,3314658336,1702224027950,False,True
320,2783516134,43911.10000000,0.00089000,3314658337,3314658337,1702224027951,False,True
321,2783516135,43911.10000000,0.00098000,3314658338,3314658338,1702224027951,False,True
322,2783516136,43911.10000000,0.00141000,3314658339,3314658339,1702224027952,False,True
323,2783516137,43911.10000000,0.00091000,3314658340,3314658340,1702224027952,False,True
324,2783516138,43911.10000000,0.00091000,3314658341,3314658341,1702224027953,False,True
325,2783516139,43911.10000000,0.00097000,3314658342,3314658342,1702224027953,False,True
326,2783516140,43911.10000000,0.00091000,3314658343,3314658343,1702224027953,False,True
327,2783516141,43911.10000000,0.00088000,3314658344,3314658344,1702224027954,False,True
328,2783516142,43911.10000000,0.00091000,3314658345,3314658345,1702224027956,False,True
329,2783516143,43911.10000000,0.00089000,3314658346,3314658346,1702224027956,False,True
330,2783516144,43911.10000000,0.00091000,3314658347,3314658347,1702224027958,False,True
331,2783516145,43911.10000000,0.00087000,3314658348,3314658348,1702224027958,False,True
332,2783516146,43911.10000000,0.00091000,3314658349,3314658349,1702224027961,False,True
333,2783516147,43911.10000000,0.00091000,3314658350,3314658350,1702224027968,False,True
334,2783516148,43911.10000000,0.00100000,3314658351,3314658351,1702224027977,False,True
335,2783516149,43911.10000000,0.00091000,3314658352,3314658352,1702224027981,False,True
336,2783516150,43911.10000000,0.00095000,3314658353,3314658353,1702224027982,False,True
337,2783516151,43911.10000000,0.00118000,3314658354,3314658354,1702224027983,False,True
338,2783516152,43911.10000000,0.00141000,3314658355,3314658355,1702224027985,False,True
339,2783516153,43911.10000000,0.00123000,3314658356,3314658356,1702224027991,False,True
340,2783516154,43911.10000000,0.00100000,3314658357,3314658357,1702224027992,False,True
341,2783516155,43911.10000000,0.00147000,3314658358,3314658358,1702224027992,False,True
342,2783516156,43911.21000000,0.00589000,3314658359,3314658360,1702224027992,False,True
343,2783516157,43911.35000000,0.00087000,3314658361,3314658361,1702224027995,False,True
344,2783516158,43911.35000000,0.00118000,3314658362,3314658362,1702224028009,False,True
345,2783516159,43911.35000000,0.00091000,3314658363,3314658363,1702224028030,False,True
346,2783516160,43911.35000000,0.00337000,3314658364,3314658364,1702224028092,False,True
347,2783516161,43911.34000000,0.00027000,3314658365,3314658365,1702224028496,True,True
348,2783516162,43911.34000000,0.00458000,3314658366,3314658366,1702224028511,True,True
349,2783516163,43911.34000000,0.00224000,3314658367,3314658367,1702224028669,True,True
350,2783516164,43911.34000000,0.00050000,3314658368,3314658368,1702224028728,True,True
351,2783516165,43911.35000000,0.00144000,3314658369,3314658371,1702224028935,False,True
352,2783516166,43911.34000000,0.00350000,3314658372,3314658372,1702224029207,True,True
353,2783516167,43911.35000000,0.00011000,3314658373,3314658373,1702224030194,False,True
354,2783516168,43911.34000000,0.00250000,3314658374,3314658374,1702224030364,True,True
355,2783516169,43911.34000000,0.00057000,3314658375,3314658375,1702224030572,True,True
356,2783516170,43911.35000000,0.06586000,3314658376,3314658378,1702224030583,False,True
357,2783516171,43911.36000000,0.00213000,3314658379,3314658379,1702224030595,False,True
358,2783516172,43911.52000000,0.00216000,3314658380,3314658380,1702224030595,False,True
359,2783516173,43911.84000000,0.00213000,3314658381,3314658381,1702224030595,False,True
360,2783516174,43912.02000000,0.00216000,3314658382,3314658382,1702224030595,False,True
361,2783516175,43912.04000000,0.02295000,3314658383,3314658385,1702224031128,False,True
362,2783516176,43912.04000000,0.00919000,3314658386,3314658386,1702224031136,False,True
363,2783516177,43912.04000000,0.00061000,3314658387,3314658387,1702224031705,False,True
364,2783516178,43912.03000000,0.00072000,3314658388,3314658388,1702224032326,True,True
365,2783516179,43912.04000000,0.01330000,3314658389,3314658391,1702224032610,False,True
366,2783516180,43912.30000000,0.00707000,3314658392,3314658393,1702224032616,False,True
367,2783516181,43912.32000000,0.00213000,3314658394,3314658394,1702224032616,False,True
368,2783516182,43912.52000000,0.00044000,3314658395,3314658395,1702224032616,False,True
369,2783516183,43912.52000000,0.00172000,3314658396,3314658396,1702224032656,False,True
370,2783516184,43912.64000000,0.00033000,3314658397,3314658397,1702224032656,False,True
371,2783516185,43912.80000000,0.00213000,3314658398,3314658398,1702224032656,False,True
372,2783516186,43913.02000000,0.00216000,3314658399,3314658399,1702224032656,False,True
373,2783516187,43913.24000000,0.00027000,3314658400,3314658400,1702224032685,True,True
374,2783516188,43913.24000000,0.00079000,3314658401,3314658401,1702224032723,True,True
375,2783516189,43913.25000000,0.01311000,3314658402,3314658402,1702224033905,False,True
376,2783516190,43913.25000000,0.01139000,3314658403,3314658404,1702224034305,False,True
377,2783516191,43913.25000000,0.00098000,3314658405,3314658405,1702224034411,False,True
378,2783516192,43913.24000000,0.00447000,3314658406,3314658406,1702224034518,True,True
379,2783516193,43913.25000000,0.00139000,3314658407,3314658409,1702224034912,False,True
380,2783516194,43913.25000000,0.00179000,3314658410,3314658410,1702224035256,False,True
381,2783516195,43913.25000000,0.00175000,3314658411,3314658411,1702224035583,False,True
382,2783516196,43913.25000000,0.00023000,3314658412,3314658412,1702224035678,False,True
383,2783516197,43913.25000000,0.00066000,3314658413,3314658413,1702224035705,False,True
384,2783516198,43913.24000000,0.02287000,3314658414,3314658415,1702224035809,True,True
385,2783516199,43913.25000000,0.00567000,3314658416,3314658417,1702224035958,False,True
386,2783516200,43913.25000000,0.00064000,3314658418,3314658418,1702224036283,False,True
387,2783516201,43913.25000000,0.00526000,3314658419,3314658419,1702224036389,False,True
388,2783516202,43913.25000000,0.00013000,3314658420,3314658420,1702224036391,False,True
389,2783516203,43913.25000000,0.00037000,3314658421,3314658421,1702224036610,False,True
390,2783516204,43913.25000000,0.00274000,3314658422,3314658422,1702224036634,False,True
391,2783516205,43913.25000000,0.00025000,3314658423,3314658423,1702224036648,False,True
392,2783516206,43913.25000000,0.00025000,3314658424,3314658424,1702224036705,False,True
393,2783516207,43913.24000000,0.04555000,3314658425,3314658425,1702224036880,True,True
394,2783516208,43913.25000000,0.00224000,3314658426,3314658426,1702224036953,False,True
395,2783516209,43913.25000000,0.00193000,3314658427,3314658427,1702224037193,False,True
396,2783516210,43913.25000000,0.00204000,3314658428,3314658428,1702224037350,False,True
397,2783516211,43913.25000000,0.00110000,3314658429,3314658429,1702224037351,False,True
398,2783516212,43913.25000000,0.01905000,3314658430,3314658430,1702224037409,False,True
399,2783516213,43913.25000000,0.00037000,3314658431,3314658431,1702224037428,False,True
400,2783516214,43913.25000000,0.00034000,3314658432,3314658432,1702224037945,False,True
401,2783516215,43913.24000000,0.00019000,3314658433,3314658433,1702224037993,True,True
402,2783516216,43913.24000000,0.00149000,3314658434,3314658434,1702224038126,True,True
403,2783516217,43913.24000000,0.00020000,3314658435,3314658435,1702224038309,True,True
404,2783516218,43913.25000000,0.00065000,3314658436,3314658436,1702224038622,False,True
405,2783516219,43913.25000000,0.00027000,3314658437,3314658437,1702224038884,False,True
406,2783516220,43913.25000000,0.00015000,3314658438,3314658438,1702224039076,False,True
407,2783516221,43913.25000000,0.00030000,3314658439,3314658439,1702224039182,False,True
408,2783516222,43913.24000000,0.00910000,3314658440,3314658440,1702224039313,True,True
409,2783516223,43913.24000000,0.00050000,3314658441,3314658441,1702224039444,True,True
410,2783516224,43913.25000000,0.00055000,3314658442,3314658442,1702224039495,False,True
411,2783516225,43913.25000000,0.01865000,3314658443,3314658445,1702224039728,False,True
412,2783516226,43913.24000000,0.00047000,3314658446,3314658446,1702224039910,True,True
413,2783516227,43913.24000000,0.00050000,3314658447,3314658447,1702224040004,True,True
414,2783516228,43913.25000000,0.04558000,3314658448,3314658449,1702224040185,False,True
415,2783516229,43913.25000000,0.00858000,3314658450,3314658450,1702224040188,False,True
416,2783516230,43913.25000000,0.02343000,3314658451,3314658453,1702224040367,False,True
417,2783516231,43913.25000000,0.00096000,3314658454,3314658454,1702224040370,False,True
418,2783516232,43913.28000000,0.00213000,3314658455,3314658455,1702224040370,False,True
419,2783516233,43913.52000000,0.00216000,3314658456,3314658456,1702224040370,False,True
420,2783516234,43913.55000000,0.00095000,3314658457,3314658457,1702224040371,False,True
421,2783516235,43913.55000000,0.00095000,3314658458,3314658458,1702224040371,False,True
422,2783516236,43913.55000000,0.00093000,3314658459,3314658459,1702224040371,False,True
423,2783516237,43913.55000000,0.00091000,3314658460,3314658460,1702224040371,False,True
424,2783516238,43913.55000000,0.00095000,3314658461,3314658461,1702224040371,False,True
425,2783516239,43913.55000000,0.00095000,3314658462,3314658462,1702224040372,False,True
426,2783516240,43913.55000000,0.00089000,3314658463,3314658463,1702224040372,False,True
427,2783516241,43913.55000000,0.00026000,3314658464,3314658464,1702224040372,False,True
428,2783516242,43913.76000000,0.00069000,3314658465,3314658465,1702224040372,False,True
429,2783516243,43913.76000000,0.00096000,3314658466,3314658466,1702224040376,False,True
430,2783516244,43913.76000000,0.00048000,3314658467,3314658467,1702224040377,False,True
431,2783516245,43914.02000000,0.00041000,3314658468,3314658468,1702224040377,False,True
432,2783516246,43914.02000000,0.00091000,3314658469,3314658469,1702224040378,False,True
433,2783516247,43914.02000000,0.00084000,3314658470,3314658470,1702224040382,False,True
434,2783516248,43914.24000000,0.00016000,3314658471,3314658471,1702224040382,False,True
435,2783516249,43914.24000000,0.00114000,3314658472,3314658472,1702224040383,False,True
436,2783516250,43914.24000000,0.00083000,3314658473,3314658473,1702224040410,False,True
437,2783516251,43914.50000000,0.02057000,3314658474,3314658475,1702224040742,True,True
438,2783516252,43914.51000000,0.00024000,3314658476,3314658476,1702224040750,False,True
439,2783516253,43914.51000000,0.00052000,3314658477,3314658477,1702224040829,False,True
440,2783516254,43914.51000000,0.00013000,3314658478,3314658478,1702224040908,False,True
441,2783516255,43914.51000000,0.00053000,3314658479,3314658479,1702224041229,False,True
442,2783516256,43914.50000000,0.00140000,3314658480,3314658480,1702224041311,True,True
443,2783516257,43914.50000000,0.00403000,3314658481,3314658481,1702224041485,True,True
444,2783516258,43914.51000000,0.00053000,3314658482,3314658482,1702224042494,False,True
445,2783516259,43914.50000000,0.00042000,3314658483,3314658483,1702224042826,True,True
446,2783516260,43914.51000000,0.00015000,3314658484,3314658484,1702224042886,False,True
447,2783516261,43914.51000000,0.02277000,3314658485,3314658485,1702224042901,False,True
448,2783516262,43914.51000000,0.01369000,3314658486,3314658488,1702224043388,False,True
449,2783516263,43914.50000000,0.16156000,3314658489,3314658489,1702224043452,True,True
450,2783516264,43914.51000000,0.00279000,3314658490,3314658490,1702224044082,False,True
451,2783516265,43914.51000000,0.00120000,3314658491,3314658491,1702224044091,False,True
452,2783516266,43914.51000000,0.00030000,3314658492,3314658492,1702224044113,False,True
453,2783516267,43914.51000000,0.00047000,3314658493,3314658493,1702224044311,False,True
454,2783516268,43914.50000000,0.00576000,3314658494,3314658494,1702224044717,True,True
455,2783516269,43914.51000000,0.00034000,3314658495,3314658495,1702224044763,False,True
456,2783516270,43914.51000000,0.00053000,3314658496,3314658496,1702224045107,False,True
457,2783516271,43914.51000000,0.00031000,3314658497,3314658497,1702224045616,False,True
458,2783516272,43914.51000000,0.04129000,3314658498,3314658498,1702224045647,False,True
459,2783516273,43914.50000000,0.00267000,3314658499,3314658499,1702224045672,True,True
460,2783516274,43914.51000000,0.00936000,3314658500,3314658500,1702224046572,False,True
461,2783516275,43914.50000000,0.00064000,3314658501,3314658501,1702224046992,True,True
462,2783516276,43914.51000000,0.00056000,3314658502,3314658502,1702224047551,False,True
463,2783516277,43914.51000000,0.02156000,3314658503,3314658503,1702224048398,False,True
464,2783516278,43914.51000000,0.00072000,3314658504,3314658504,1702224048421,False,True
465,2783516279,43914.51000000,0.02614000,3314658505,3314658505,1702224048422,False,True
466,2783516280,43914.51000000,0.01648000,3314658506,3314658506,1702224048574,False,True
467,2783516281,43914.51000000,0.00382000,3314658507,3314658507,1702224048597,False,True
468,2783516282,43914.50000000,0.01116000,3314658508,3314658508,1702224048628,True,True
469,2783516283,43914.51000000,0.02340000,3314658509,3314658509,1702224048782,False,True
470,2783516284,43914.51000000,0.02585000,3314658510,3314658510,1702224048805,False,True
471,2783516285,43914.51000000,0.00037000,3314658511,3314658511,1702224048822,False,True
472,2783516286,43914.50000000,0.00282000,3314658512,3314658512,1702224048896,True,True
473,2783516287,43914.50000000,0.00047000,3314658513,3314658513,1702224048964,True,True
474,2783516288,43914.51000000,0.01152000,3314658514,3314658514,1702224048970,False,True
475,2783516289,43914.51000000,0.00068000,3314658515,3314658515,1702224049020,False,True
476,2783516290,43914.51000000,0.00912000,3314658516,3314658516,1702224049064,False,True
477,2783516291,43914.51000000,0.00645000,3314658517,3314658517,1702224049106,False,True
478,2783516292,43914.50000000,0.00094000,3314658518,3314658518,1702224049110,True,True
479,2783516293,43914.51000000,0.00936000,3314658519,3314658519,1702224049268,False,True
480,2783516294,43914.50000000,0.00035000,3314658520,3314658520,1702224049282,True,True
481,2783516295,43914.50000000,0.00228000,3314658521,3314658521,1702224049286,True,True
482,2783516296,43914.51000000,0.03415000,3314658522,3314658522,1702224049525,False,True
483,2783516297,43914.51000000,0.00568000,3314658523,3314658523,1702224049568,False,True
484,2783516298,43914.51000000,0.01377000,3314658524,3314658524,1702224049593,False,True
485,2783516299,43914.51000000,0.00027000,3314658525,3314658525,1702224049605,False,True
486,2783516300,43914.51000000,0.00053000,3314658526,3314658526,1702224049826,False,True
487,2783516301,43914.50000000,0.00252000,3314658527,3314658527,1702224049905,True,True
488,2783516302,43914.51000000,0.00228000,3314658528,3314658528,1702224050173,False,True
489,2783516303,43914.51000000,0.00079000,3314658529,3314658529,1702224050598,False,True
490,2783516304,43914.51000000,0.00936000,3314658530,3314658530,1702224050611,False,True
491,2783516305,43914.51000000,0.00154000,3314658531,3314658531,1702224050635,False,True
492,2783516306,43914.51000000,0.00110000,3314658532,3314658532,1702224050809,False,True
493,2783516307,43914.51000000,0.00025000,3314658533,3314658533,1702224050837,False,True
494,2783516308,43914.50000000,0.00161000,3314658534,3314658534,1702224050892,True,True
495,2783516309,43914.50000000,0.00728000,3314658535,3314658535,1702224051269,True,True
496,2783516310,43914.51000000,0.00042000,3314658536,3314658536,1702224051392,False,True
497,2783516311,43914.51000000,0.00164000,3314658537,3314658537,1702224051408,False,True
498,2783516312,43914.50000000,0.00819000,3314658538,3314658538,1702224051914,True,True
499,2783516313,43914.50000000,0.00249000,3314658539,3314658539,1702224051924,True,True
500,2783516314,43914.51000000,0.00329000,3314658540,3314658541,1702224052033,False,True
501,2783516315,43914.51000000,0.00026000,3314658542,3314658542,1702224052210,False,True
502,2783516316,43914.51000000,0.00366000,3314658543,3314658543,1702224052224,False,True
503,2783516317,43914.51000000,0.18182000,3314658544,3314658544,1702224052243,False,True
504,2783516318,43914.51000000,0.00371000,3314658545,3314658545,1702224052251,False,True
505,2783516319,43914.51000000,0.00822000,3314658546,3314658546,1702224052304,False,True
506,2783516320,43914.51000000,0.06831000,3314658547,3314658547,1702224052429,False,True
507,2783516321,43914.50000000,0.00200000,3314658548,3314658548,1702224052429,True,True
508,2783516322,43914.50000000,0.00331000,3314658549,3314658549,1702224052430,True,True
509,2783516323,43914.50000000,0.00179000,3314658550,3314658550,1702224052430,True,True
510,2783516324,43914.50000000,0.00050000,3314658551,3314658551,1702224052431,True,True
511,2783516325,43914.51000000,0.00300000,3314658552,3314658552,1702224052584,False,True
512,2783516326,43914.51000000,0.00888000,3314658553,3314658553,1702224052710,False,True
513,2783516327,43914.51000000,0.00046000,3314658554,3314658554,1702224053121,False,True
514,2783516328,43914.51000000,0.11516000,3314658555,3314658555,1702224053170,False,True
515,2783516329,43914.51000000,0.00136000,3314658556,3314658556,1702224053200,False,True
516,2783516330,43914.50000000,0.00018000,3314658557,3314658557,1702224053304,True,True
517,2783516331,43914.51000000,0.00136000,3314658558,3314658558,1702224053310,False,True
518,2783516332,43914.50000000,0.00456000,3314658559,3314658559,1702224053631,True,True
519,2783516333,43914.51000000,0.00328000,3314658560,3314658560,1702224053788,False,True
520,2783516334,43914.51000000,0.00033000,3314658561,3314658561,1702224053811,False,True
521,2783516335,43914.50000000,0.00214000,3314658562,3314658562,1702224053885,True,True
522,2783516336,43914.51000000,0.03017000,3314658563,3314658563,1702224054172,False,True
523,2783516337,43914.50000000,0.00961000,3314658564,3314658564,1702224054220,True,True
524,2783516338,43914.51000000,0.00554000,3314658565,3314658565,1702224054244,False,True
525,2783516339,43914.51000000,0.00154000,3314658566,3314658566,1702224054271,False,True
526,2783516340,43914.50000000,0.00113000,3314658567,3314658567,1702224054563,True,True
527,2783516341,43914.50000000,0.00114000,3314658568,3314658568,1702224054622,True,True
528,2783516342,43914.51000000,0.00093000,3314658569,3314658569,1702224054911,False,True
529,2783516343,43914.50000000,0.00240000,3314658570,3314658570,1702224055043,True,True
530,2783516344,43914.51000000,0.00066000,3314658571,3314658571,1702224055060,False,True
531,2783516345,43914.50000000,0.00134000,3314658572,3314658572,1702224055182,True,True
532,2783516346,43914.50000000,0.00599000,3314658573,3314658573,1702224055568,True,True
533,2783516347,43914.51000000,0.00142000,3314658574,3314658574,1702224055588,False,True
534,2783516348,43914.50000000,0.03463000,3314658575,3314658575,1702224055845,True,True
535,2783516349,43914.51000000,0.00097000,3314658576,3314658576,1702224056537,False,True
536,2783516350,43914.51000000,0.00182000,3314658577,3314658577,1702224056537,False,True
537,2783516351,43914.51000000,0.00181000,3314658578,3314658578,1702224056537,False,True
538,2783516352,43914.51000000,0.00065000,3314658579,3314658579,1702224056538,False,True
539,2783516353,43914.51000000,0.00046000,3314658580,3314658580,1702224056539,False,True
540,2783516354,43914.51000000,0.00046000,3314658581,3314658581,1702224056539,False,True
541,2783516355,43914.51000000,0.00408000,3314658582,3314658582,1702224056576,False,True
542,2783516356,43914.51000000,0.00014000,3314658583,3314658583,1702224056865,False,True
543,2783516357,43914.51000000,0.00164000,3314658584,3314658584,1702224056967,False,True
544,2783516358,43914.50000000,0.00114000,3314658585,3314658585,1702224057082,True,True
545,2783516359,43914.50000000,0.00217000,3314658586,3314658586,1702224057104,True,True
546,2783516360,43914.50000000,0.00576000,3314658587,3314658587,1702224057118,True,True
547,2783516361,43914.51000000,0.00826000,3314658588,3314658588,1702224057211,False,True
548,2783516362,43914.51000000,0.01136000,3314658589,3314658589,1702224057287,False,True
549,2783516363,43914.50000000,0.01105000,3314658590,3314658590,1702224057540,True,True
550,2783516364,43914.51000000,0.00049000,3314658591,3314658591,1702224057618,False,True
551,2783516365,43914.51000000,0.00051000,3314658592,3314658592,1702224057838,False,True
552,2783516366,43914.51000000,0.02275000,3314658593,3314658593,1702224058076,False,True
553,2783516367,43914.50000000,0.00272000,3314658594,3314658594,1702224058600,True,True
554,2783516368,43914.50000000,0.00095000,3314658595,3314658595,1702224059451,True,True
555,2783516369,43914.50000000,0.00157000,3314658596,3314658596,1702224059455,True,True
556,2783516370,43914.50000000,0.00046000,3314658597,3314658597,1702224059505,True,True
557,2783516371,43914.51000000,0.11184000,3314658598,3314658598,1702224059805,False,True
558,2783516372,43914.51000000,0.00199000,3314658599,3314658599,1702224059821,False,True
559,2783516373,43914.51000000,0.00626000,3314658600,3314658600,1702224059927,False,True
560,2783516374,43914.50000000,0.00125000,3314658601,3314658601,1702224059977,True,True
561,2783516375,43914.50000000,0.00119000,3314658602,3314658602,1702224059981,True,True
562,2783516376,43914.50000000,0.00077000,3314658603,3314658603,1702224059981,True,True
563,2783516377,43914.50000000,0.00107000,3314658604,3314658604,1702224059982,True,True
564,2783516378,43914.50000000,0.00207000,3314658605,3314658605,1702224059984,True,True
565,2783516379,43914.51000000,0.00141000,3314658606,3314658606,1702224059989,False,True
566,2783516380,43914.51000000,0.00143000,3314658607,3314658607,1702224059989,False,True
567,2783516381,43914.51000000,0.00220000,3314658608,3314658608,1702224059989,False,True
568,2783516382,43914.51000000,0.00163000,3314658609,3314658609,1702224059989,False,True
569,2783516383,43914.51000000,0.00118000,3314658610,3314658610,1702224059990,False,True
570,2783516384,43914.50000000,0.00051000,3314658611,3314658611,1702224059990,True,True
571,2783516385,43914.51000000,0.00224000,3314658612,3314658612,1702224059991,False,True
572,2783516386,43914.50000000,0.00159000,3314658613,3314658613,1702224059992,True,True
573,2783516387,43914.51000000,0.00202000,3314658614,3314658614,1702224059992,False,True
574,2783516388,43914.51000000,0.00181000,3314658615,3314658615,1702224059992,False,True
575,2783516389,43914.50000000,0.00064000,3314658616,3314658616,1702224059993,True,True
576,2783516390,43914.50000000,0.00117000,3314658617,3314658617,1702224059993,True,True
577,2783516391,43914.51000000,0.00242000,3314658618,3314658618,1702224059994,False,True
578,2783516392,43914.50000000,0.00248000,3314658619,3314658619,1702224059995,True,True
579,2783516393,43914.50000000,0.00056000,3314658620,3314658620,1702224059996,True,True
580,2783516394,43914.50000000,0.00063000,3314658621,3314658621,1702224059997,True,True
581,2783516395,43914.51000000,0.00131000,3314658622,3314658622,1702224059997,False,True
582,2783516396,43914.51000000,0.00056000,3314658623,3314658623,1702224059997,False,True
583,2783516397,43914.51000000,0.00217000,3314658624,3314658624,1702224059997,False,True
584,2783516398,43914.50000000,0.00174000,3314658625,3314658625,1702224060000,True,True
585,2783516399,43914.51000000,0.00166000,3314658626,3314658626,1702224060001,False,True
586,2783516400,43914.50000000,0.00225000,3314658627,3314658627,1702224060002,True,True
587,2783516401,43914.51000000,0.00061000,3314658628,3314658628,1702224060002,False,True
588,2783516402,43914.50000000,0.00057000,3314658629,3314658629,1702224060007,True,True
589,2783516403,43914.50000000,0.00089000,3314658630,3314658630,1702224060007,True,True
590,2783516404,43914.50000000,0.00085000,3314658631,3314658631,1702224060008,True,True
591,2783516405,43914.50000000,0.00043000,3314658632,3314658632,1702224060008,True,True
592,2783516406,43914.50000000,0.00213000,3314658633,3314658633,1702224060008,True,True
593,2783516407,43914.50000000,0.00210000,3314658634,3314658634,1702224060009,True,True
594,2783516408,43914.50000000,0.00113000,3314658635,3314658635,1702224060011,True,True
595,2783516409,43914.51000000,0.00162000,3314658636,3314658636,1702224060011,False,True
596,2783516410,43914.50000000,0.00083000,3314658637,3314658637,1702224060011,True,True
597,2783516411,43914.50000000,0.00060000,3314658638,3314658638,1702224060012,True,True
598,2783516412,43914.51000000,0.00114000,3314658639,3314658639,1702224060012,False,True
599,2783516413,43914.51000000,0.00170000,3314658640,3314658640,1702224060012,False,True
600,2783516414,43914.51000000,0.00176000,3314658641,3314658641,1702224060012,False,True
601,2783516415,43914.50000000,0.00223000,3314658642,3314658642,1702224060013,True,True
602,2783516416,43914.50000000,0.00189000,3314658643,3314658643,1702224060013,True,True
603,2783516417,43914.50000000,0.00170000,3314658644,3314658644,1702224060014,True,True
604,2783516418,43914.51000000,0.00039000,3314658645,3314658645,1702224060017,False,True
605,2783516419,43914.51000000,0.00121000,3314658646,3314658646,1702224060020,False,True
606,2783516420,43914.51000000,0.00063000,3314658647,3314658647,1702224060020,False,True
607,2783516421,43914.51000000,0.00089000,3314658648,3314658648,1702224060021,False,True
608,2783516422,43914.51000000,0.00233000,3314658649,3314658649,1702224060022,False,True
609,2783516423,43914.50000000,0.00252000,3314658650,3314658650,1702224060024,True,True
610,2783516424,43914.50000000,0.00122000,3314658651,3314658651,1702224060033,True,True
611,2783516425,43914.50000000,0.00247000,3314658652,3314658652,1702224060034,True,True
612,2783516426,43914.51000000,0.00140000,3314658653,3314658654,1702224060041,False,True
613,2783516427,43914.51000000,0.00172000,3314658655,3314658655,1702224060042,False,True
614,2783516428,43914.50000000,0.00135000,3314658656,3314658656,1702224060043,True,True
615,2783516429,43914.52000000,0.00216000,3314658657,3314658657,1702224060054,False,True
616,2783516430,43914.53000000,0.00118000,3314658658,3314658658,1702224060145,False,True
617,2783516431,43914.52000000,0.03670000,3314658659,3314658660,1702224060157,True,True
618,2783516432,43914.52000000,0.00114000,3314658661,3314658661,1702224060310,True,True
619,2783516433,43914.52000000,0.00227000,3314658662,3314658662,1702224060617,True,True
620,2783516434,43914.53000000,0.00104000,3314658663,3314658663,1702224060939,False,True
621,2783516435,43914.52000000,0.00042000,3314658664,3314658664,1702224060943,True,True
622,2783516436,43914.52000000,0.01004000,3314658665,3314658665,1702224061387,True,True
623,2783516437,43914.52000000,0.00116000,3314658666,3314658666,1702224061392,True,True
624,2783516438,43914.52000000,0.00020000,3314658667,3314658667,1702224061528,True,True
625,2783516439,43914.53000000,0.00136000,3314658668,3314658668,1702224061680,False,True
626,2783516440,43914.53000000,0.00109000,3314658669,3314658669,1702224061906,False,True
627,2783516441,43914.53000000,0.00136000,3314658670,3314658671,1702224061928,False,True
628,2783516442,43914.53000000,0.00400000,3314658672,3314658672,1702224062048,False,True
629,2783516443,43914.52000000,0.00364000,3314658673,3314658673,1702224062182,True,True
630,2783516444,43914.52000000,0.00208000,3314658674,3314658674,1702224063128,True,True
631,2783516445,43914.53000000,0.00062000,3314658675,3314658675,1702224063395,False,True
632,2783516446,43914.53000000,0.11602000,3314658676,3314658678,1702224063426,False,True
633,2783516447,43914.53000000,0.00188000,3314658679,3314658679,1702224063471,False,True
634,2783516448,43914.52000000,0.00222000,3314658680,3314658680,1702224063804,True,True
635,2783516449,43914.52000000,0.00212000,3314658681,3314658681,1702224063827,True,True
636,2783516450,43914.53000000,0.00070000,3314658682,3314658682,1702224063981,False,True
637,2783516451,43914.52000000,0.06401000,3314658683,3314658683,1702224064170,True,True
638,2783516452,43914.52000000,0.00291000,3314658684,3314658684,1702224064209,True,True
639,2783516453,43914.52000000,0.00113000,3314658685,3314658685,1702224064216,True,True
640,2783516454,43914.52000000,0.00796000,3314658686,3314658686,1702224064637,True,True
641,2783516455,43914.53000000,0.07119000,3314658687,3314658687,1702224064789,False,True
642,2783516456,43914.53000000,0.00411000,3314658688,3314658688,1702224065180,False,True
643,2783516457,43914.52000000,0.00026000,3314658689,3314658689,1702224065184,True,True
644,2783516458,43914.52000000,0.00068000,3314658690,3314658690,1702224065433,True,True
645,2783516459,43914.53000000,0.01708000,3314658691,3314658691,1702224065611,False,True
646,2783516460,43914.52000000,0.01322000,3314658692,3314658692,1702224065771,True,True
647,2783516461,43914.53000000,0.03734000,3314658693,3314658693,1702224065829,False,True
648,2783516462,43914.53000000,0.00529000,3314658694,3314658694,1702224065839,False,True
649,2783516463,43914.53000000,0.00530000,3314658695,3314658695,1702224065839,False,True
650,2783516464,43914.53000000,0.00345000,3314658696,3314658696,1702224065842,False,True
651,2783516465,43914.53000000,0.01169000,3314658697,3314658697,1702224065844,False,True
652,2783516466,43914.53000000,0.00345000,3314658698,3314658698,1702224065846,False,True
653,2783516467,43914.53000000,0.01256000,3314658699,3314658699,1702224065847,False,True
654,2783516468,43914.53000000,0.01256000,3314658700,3314658700,1702224065847,False,True
655,2783516469,43914.53000000,0.00952000,3314658701,3314658701,1702224065849,False,True
656,2783516470,43914.53000000,0.00706000,3314658702,3314658702,1702224065850,False,True
657,2783516471,43914.53000000,0.00421000,3314658703,3314658703,1702224065855,False,True
658,2783516472,43914.53000000,0.00420000,3314658704,3314658704,1702224065855,False,True
659,2783516473,43914.53000000,0.00707000,3314658705,3314658705,1702224065856,False,True
660,2783516474,43914.53000000,0.01489000,3314658706,3314658706,1702224065863,False,True
661,2783516475,43914.53000000,0.01489000,3314658707,3314658707,1702224065863,False,True
662,2783516476,43914.53000000,0.00686000,3314658708,3314658709,1702224065874,False,True
663,2783516477,43914.53000000,0.02218000,3314658710,3314658710,1702224065879,False,True
664,2783516478,43914.53000000,0.00905000,3314658711,3314658711,1702224065886,False,True
665,2783516479,43914.53000000,0.00168000,3314658712,3314658712,1702224065887,False,True
666,2783516480,43914.53000000,0.00167000,3314658713,3314658713,1702224065888,False,True
667,2783516481,43914.53000000,0.00801000,3314658714,3314658714,1702224065900,False,True
668,2783516482,43914.53000000,0.00329000,3314658715,3314658715,1702224065923,False,True
669,2783516483,43914.53000000,0.00015000,3314658716,3314658716,1702224065931,False,True
670,2783516484,43914.53000000,0.00046000,3314658717,3314658717,1702224065936,False,True
671,2783516485,43914.53000000,0.00729000,3314658718,3314658718,1702224065940,False,True
672,2783516486,43914.53000000,0.00015000,3314658719,3314658719,1702224065944,False,True
673,2783516487,43914.53000000,0.02278000,3314658720,3314658720,1702224065945,False,True
674,2783516488,43914.53000000,0.05815000,3314658721,3314658721,1702224065947,False,True
675,2783516489,43914.53000000,0.00103000,3314658722,3314658722,1702224065948,False,True
676,2783516490,43914.53000000,0.02278000,3314658723,3314658723,1702224065949,False,True
677,2783516491,43914.53000000,0.02278000,3314658724,3314658724,1702224065951,False,True
678,2783516492,43914.53000000,0.02278000,3314658725,3314658725,1702224065954,False,True
679,2783516493,43914.53000000,0.01106000,3314658726,3314658726,1702224065958,False,True
680,2783516494,43914.53000000,0.01106000,3314658727,3314658727,1702224065959,False,True
681,2783516495,43914.53000000,0.01106000,3314658728,3314658728,1702224065961,False,True
682,2783516496,43914.53000000,0.00015000,3314658729,3314658729,1702224065962,False,True
683,2783516497,43914.53000000,0.00709000,3314658730,3314658730,1702224065963,False,True
684,2783516498,43914.53000000,0.00709000,3314658731,3314658731,1702224065966,False,True
685,2783516499,43914.53000000,0.00015000,3314658732,3314658732,1702224065967,False,True
686,2783516500,43914.53000000,0.02278000,3314658733,3314658733,1702224065968,False,True
687,2783516501,43914.53000000,0.01305000,3314658734,3314658734,1702224065970,False,True
688,2783516502,43914.53000000,0.00015000,3314658735,3314658735,1702224065971,False,True
689,2783516503,43914.53000000,0.05921000,3314658736,3314658737,1702224065972,False,True
690,2783516504,43914.53000000,0.14945000,3314658738,3314658738,1702224065972,False,True
691,2783516505,43914.53000000,0.02265000,3314658739,3314658739,1702224065977,False,True
692,2783516506,43914.53000000,0.00693000,3314658740,3314658740,1702224065978,False,True
693,2783516507,43914.53000000,0.02047000,3314658741,3314658741,1702224065999,False,True
694,2783516508,43914.53000000,0.02271000,3314658742,3314658742,1702224066008,False,True
695,2783516509,43914.53000000,0.00383000,3314658743,3314658743,1702224066009,False,True
696,2783516510,43914.53000000,0.00374000,3314658744,3314658744,1702224066016,False,True
697,2783516511,43914.53000000,0.00345000,3314658745,3314658746,1702224066031,False,True
698,2783516512,43914.53000000,0.01005000,3314658747,3314658747,1702224066062,False,True
699,2783516513,43914.53000000,0.00637000,3314658748,3314658748,1702224066087,False,True
700,2783516514,43914.53000000,0.05971000,3314658749,3314658749,1702224066097,False,True
701,2783516515,43914.53000000,0.01758000,3314658750,3314658750,1702224066119,False,True
702,2783516516,43914.53000000,0.00015000,3314658751,3314658751,1702224066178,False,True
703,2783516517,43914.53000000,0.00246000,3314658752,3314658752,1702224066181,False,True
704,2783516518,43914.53000000,0.00130000,3314658753,3314658753,1702224066183,False,True
705,2783516519,43914.53000000,0.00131000,3314658754,3314658754,1702224066184,False,True
706,2783516520,43914.53000000,0.00728000,3314658755,3314658755,1702224066186,False,True
707,2783516521,43914.53000000,0.00287000,3314658756,3314658756,1702224066190,False,True
708,2783516522,43914.53000000,0.00613000,3314658757,3314658757,1702224066191,False,True
709,2783516523,43914.53000000,0.01574000,3314658758,3314658758,1702224066194,False,True
710,2783516524,43914.53000000,0.02051000,3314658759,3314658759,1702224066242,False,True
711,2783516525,43914.53000000,0.00876000,3314658760,3314658760,1702224066276,False,True
712,2783516526,43914.53000000,0.00261000,3314658761,3314658761,1702224066281,False,True
713,2783516527,43914.53000000,0.00045000,3314658762,3314658762,1702224066291,False,True
714,2783516528,43914.53000000,0.06223000,3314658763,3314658763,1702224066311,False,True
715,2783516529,43914.53000000,0.05993000,3314658764,3314658764,1702224066356,False,True
716,2783516530,43914.53000000,0.00345000,3314658765,3314658765,1702224066373,False,True
717,2783516531,43914.53000000,0.05842000,3314658766,3314658766,1702224066382,False,True
718,2783516532,43914.53000000,0.01051000,3314658767,3314658767,1702224066407,False,True
719,2783516533,43914.53000000,0.00276000,3314658768,3314658768,1702224066431,False,True
720,2783516534,43914.53000000,0.06024000,3314658769,3314658770,1702224066454,False,True
721,2783516535,43914.52000000,0.00516000,3314658771,3314658771,1702224066701,True,True
722,2783516536,43914.53000000,0.00084000,3314658772,3314658772,1702224066832,False,True
723,2783516537,43914.53000000,0.00382000,3314658773,3314658773,1702224066990,False,True
724,2783516538,43914.52000000,0.00214000,3314658774,3314658774,1702224067010,True,True
725,2783516539,43914.53000000,0.02325000,3314658775,3314658775,1702224067307,False,True
726,2783516540,43914.53000000,0.00382000,3314658776,3314658776,1702224067329,False,True
727,2783516541,43914.53000000,0.00382000,3314658777,3314658777,1702224067421,False,True
728,2783516542,43914.53000000,0.00088000,3314658778,3314658778,1702224067709,False,True
729,2783516543,43914.52000000,0.00057000,3314658779,3314658779,1702224067816,True,True
730,2783516544,43914.53000000,0.00038000,3314658780,3314658780,1702224067818,False,True
731,2783516545,43914.52000000,0.01006000,3314658781,3314658781,1702224067851,True,True
732,2783516546,43914.53000000,0.05975000,3314658782,3314658782,1702224067859,False,True
733,2783516547,43914.52000000,0.00331000,3314658783,3314658783,1702224067866,True,True
734,2783516548,43914.52000000,0.00684000,3314658784,3314658784,1702224067867,True,True
735,2783516549,43914.53000000,0.05648000,3314658785,3314658785,1702224067884,False,True
736,2783516550,43914.53000000,0.00171000,3314658786,3314658786,1702224067924,False,True
737,2783516551,43914.53000000,0.00382000,3314658787,3314658787,1702224068024,False,True
738,2783516552,43914.53000000,0.01594000,3314658788,3314658788,1702224068047,False,True
739,2783516553,43914.53000000,0.12277000,3314658789,3314658789,1702224068298,False,True
740,2783516554,43914.52000000,0.00075000,3314658790,3314658790,1702224068390,True,True
741,2783516555,43914.52000000,0.01926000,3314658791,3314658791,1702224068392,True,True
742,2783516556,43914.53000000,0.01701000,3314658792,3314658793,1702224068478,False,True
743,2783516557,43914.53000000,0.01349000,3314658794,3314658794,1702224068501,False,True
744,2783516558,43914.53000000,0.05968000,3314658795,3314658796,1702224068526,False,True
745,2783516559,43914.52000000,0.00660000,3314658797,3314658797,1702224068843,True,True
746,2783516560,43914.52000000,0.00315000,3314658798,3314658798,1702224068847,True,True
747,2783516561,43914.53000000,0.01033000,3314658799,3314658799,1702224068996,False,True
748,2783516562,43914.53000000,0.00975000,3314658800,3314658800,1702224069043,False,True
749,2783516563,43914.52000000,0.00041000,3314658801,3314658801,1702224069241,True,True
750,2783516564,43914.53000000,0.00013000,3314658802,3314658802,1702224069402,False,True
751,2783516565,43914.53000000,0.00028000,3314658803,3314658803,1702224069422,False,True
752,2783516566,43914.52000000,0.00115000,3314658804,3314658804,1702224069445,True,True
753,2783516567,43914.52000000,0.00019000,3314658805,3314658805,1702224069531,True,True
754,2783516568,43914.52000000,0.00020000,3314658806,3314658806,1702224069892,True,True
755,2783516569,43914.52000000,0.13862000,3314658807,3314658807,1702224070068,True,True
756,2783516570,43914.52000000,0.00091000,3314658808,3314658808,1702224070409,True,True
757,2783516571,43914.53000000,0.00272000,3314658809,3314658809,1702224070456,False,True
758,2783516572,43914.53000000,0.01118000,3314658810,3314658810,1702224070662,False,True
759,2783516573,43914.53000000,0.01124000,3314658811,3314658811,1702224070684,False,True
760,2783516574,43914.53000000,0.00241000,3314658812,3314658812,1702224070732,False,True
761,2783516575,43914.52000000,0.00839000,3314658813,3314658813,1702224070766,True,True
762,2783516576,43914.53000000,0.00837000,3314658814,3314658814,1702224070880,False,True
763,2783516577,43914.53000000,0.00040000,3314658815,3314658815,1702224070948,False,True
764,2783516578,43914.52000000,0.00019000,3314658816,3314658816,1702224071167,True,True
765,2783516579,43914.52000000,0.00150000,3314658817,3314658817,1702224071210,True,True
766,2783516580,43914.52000000,0.00512000,3314658818,3314658818,1702224071238,True,True
767,2783516581,43914.53000000,0.00038000,3314658819,3314658819,1702224071287,False,True
768,2783516582,43914.52000000,0.00023000,3314658820,3314658820,1702224071300,True,True
769,2783516583,43914.53000000,0.00422000,3314658821,3314658821,1702224071357,False,True
770,2783516584,43914.53000000,0.00318000,3314658822,3314658822,1702224071364,False,True
771,2783516585,43914.52000000,0.00227000,3314658823,3314658823,1702224071527,True,True
772,2783516586,43914.52000000,0.00683000,3314658824,3314658824,1702224071554,True,True
773,2783516587,43914.53000000,0.00491000,3314658825,3314658825,1702224071590,False,True
774,2783516588,43914.53000000,0.01027000,3314658826,3314658826,1702224071612,False,True
775,2783516589,43914.53000000,0.00154000,3314658827,3314658827,1702224071657,False,True
776,2783516590,43914.53000000,0.00038000,3314658828,3314658828,1702224071864,False,True
777,2783516591,43914.53000000,0.00243000,3314658829,3314658829,1702224071887,False,True
778,2783516592,43914.52000000,0.00398000,3314658830,3314658830,1702224071928,True,True
779,2783516593,43914.52000000,0.00408000,3314658831,3314658831,1702224072020,True,True
780,2783516594,43914.53000000,0.00266000,3314658832,3314658832,1702224072082,False,True
781,2783516595,43914.53000000,0.00160000,3314658833,3314658833,1702224072427,False,True
782,2783516596,43914.52000000,0.02225000,3314658834,3314658834,1702224072428,True,True
783,2783516597,43914.53000000,0.05996000,3314658835,3314658835,1702224072480,False,True
784,2783516598,43914.52000000,0.00620000,3314658836,3314658836,1702224072500,True,True
785,2783516599,43914.53000000,0.05995000,3314658837,3314658837,1702224072503,False,True
786,2783516600,43914.53000000,0.00045000,3314658838,3314658838,1702224072528,False,True
787,2783516601,43914.53000000,0.00163000,3314658839,3314658839,1702224072601,False,True
788,2783516602,43914.53000000,0.00122000,3314658840,3314658840,1702224072610,False,True
789,2783516603,43914.53000000,0.00149000,3314658841,3314658841,1702224072695,False,True
790,2783516604,43914.53000000,0.00012000,3314658842,3314658842,1702224073023,False,True
791,2783516605,43914.53000000,0.00024000,3314658843,3314658843,1702224073090,False,True
792,2783516606,43914.53000000,0.00976000,3314658844,3314658845,1702224073109,False,True
793,2783516607,43914.53000000,0.00037000,3314658846,3314658846,1702224073113,False,True
794,2783516608,43914.52000000,0.00113000,3314658847,3314658847,1702224073121,True,True
795,2783516609,43914.53000000,0.00672000,3314658848,3314658849,1702224073132,False,True
796,2783516610,43914.52000000,0.00113000,3314658850,3314658850,1702224073257,True,True
797,2783516611,43914.52000000,0.00034000,3314658851,3314658851,1702224073340,True,True
798,2783516612,43914.52000000,0.01594000,3314658852,3314658852,1702224073556,True,True
799,2783516613,43914.53000000,0.00034000,3314658853,3314658853,1702224073638,False,True
800,2783516614,43914.53000000,0.00233000,3314658854,3314658854,1702224073709,False,True
801,2783516615,43914.52000000,0.05000000,3314658855,3314658855,1702224073768,True,True
802,2783516616,43914.53000000,0.00938000,3314658856,3314658856,1702224073852,False,True
803,2783516617,43914.53000000,0.01061000,3314658857,3314658857,1702224073897,False,True
804,2783516618,43914.52000000,0.00228000,3314658858,3314658858,1702224074542,True,True
805,2783516619,43914.53000000,0.00244000,3314658859,3314658859,1702224074654,False,True
806,2783516620,43914.53000000,0.00759000,3314658860,3314658861,1702224074697,False,True
807,2783516621,43914.52000000,0.00113000,3314658862,3314658862,1702224074715,True,True
808,2783516622,43914.53000000,0.02081000,3314658863,3314658863,1702224074815,False,True
809,2783516623,43914.53000000,0.00026000,3314658864,3314658864,1702224075200,False,True
810,2783516624,43914.53000000,0.01133000,3314658865,3314658865,1702224075273,False,True
811,2783516625,43914.53000000,0.02187000,3314658866,3314658866,1702224075280,False,True
812,2783516626,43914.52000000,0.00019000,3314658867,3314658867,1702224075478,True,True
813,2783516627,43914.53000000,0.00345000,3314658868,3314658868,1702224075487,False,True
814,2783516628,43914.53000000,0.01034000,3314658869,3314658869,1702224075880,False,True
815,2783516629,43914.53000000,0.01034000,3314658870,3314658870,1702224075901,False,True
816,2783516630,43914.53000000,0.00974000,3314658871,3314658871,1702224075949,False,True
817,2783516631,43914.53000000,0.00142000,3314658872,3314658872,1702224076046,False,True
818,2783516632,43914.53000000,0.01321000,3314658873,3314658873,1702224076209,False,True
819,2783516633,43914.52000000,0.03187000,3314658874,3314658874,1702224076310,True,True
820,2783516634,43914.53000000,0.00057000,3314658875,3314658875,1702224076421,False,True
821,2783516635,43914.53000000,0.01133000,3314658876,3314658877,1702224076444,False,True
822,2783516636,43914.53000000,0.01133000,3314658878,3314658878,1702224076559,False,True
823,2783516637,43914.53000000,0.00345000,3314658879,3314658879,1702224076583,False,True
824,2783516638,43914.53000000,0.00036000,3314658880,3314658880,1702224076863,False,True
825,2783516639,43914.52000000,0.00341000,3314658881,3314658881,1702224076883,True,True
826,2783516640,43914.53000000,0.00504000,3314658882,3314658883,1702224076895,False,True
827,2783516641,43914.53000000,0.01031000,3314658884,3314658885,1702224076920,False,True
828,2783516642,43914.52000000,0.00236000,3314658886,3314658886,1702224076932,True,True
829,2783516643,43914.53000000,0.01133000,3314658887,3314658887,1702224076997,False,True
830,2783516644,43914.52000000,0.00033000,3314658888,3314658888,1702224077007,True,True
831,2783516645,43914.53000000,0.01196000,3314658889,3314658889,1702224077047,False,True
832,2783516646,43914.53000000,0.00017000,3314658890,3314658890,1702224077071,False,True
833,2783516647,43914.53000000,0.00744000,3314658891,3314658891,1702224077162,False,True
834,2783516648,43914.53000000,0.01720000,3314658892,3314658892,1702224077165,False,True
835,2783516649,43914.53000000,0.00018000,3314658893,3314658893,1702224077209,False,True
836,2783516650,43914.53000000,0.00160000,3314658894,3314658894,1702224077410,False,True
837,2783516651,43914.53000000,0.00030000,3314658895,3314658895,1702224077527,False,True
838,2783516652,43914.53000000,0.00379000,3314658896,3314658897,1702224077686,False,True
839,2783516653,43914.53000000,0.00342000,3314658898,3314658898,1702224077792,False,True
840,2783516654,43914.53000000,0.01133000,3314658899,3314658899,1702224077932,False,True
841,2783516655,43914.53000000,0.01133000,3314658900,3314658900,1702224077955,False,True
842,2783516656,43914.53000000,0.01479000,3314658901,3314658901,1702224078046,False,True
843,2783516657,43914.52000000,1.00000000,3314658902,3314658908,1702224078196,True,True
844,2783516658,43914.53000000,0.01239000,3314658909,3314658909,1702224078240,False,True
845,2783516659,43914.53000000,0.00056000,3314658910,3314658910,1702224078552,False,True
846,2783516660,43914.52000000,0.00209000,3314658911,3314658911,1702224078600,True,True
847,2783516661,43914.52000000,0.00196000,3314658912,3314658912,1702224078611,True,True
848,2783516662,43914.52000000,0.00170000,3314658913,3314658913,1702224078692,True,True
849,2783516663,43914.53000000,0.00212000,3314658914,3314658914,1702224078737,False,True
850,2783516664,43914.53000000,0.00345000,3314658915,3314658915,1702224078793,False,True
851,2783516665,43914.53000000,0.00375000,3314658916,3314658916,1702224079031,False,True
852,2783516666,43914.70000000,0.00050000,3314658917,3314658917,1702224079253,False,True
853,2783516667,43914.72000000,0.00213000,3314658918,3314658918,1702224079253,False,True
854,2783516668,43914.87000000,0.00189000,3314658919,3314658919,1702224079343,False,True
855,2783516669,43914.87000000,0.00345000,3314658920,3314658920,1702224079350,False,True
856,2783516670,43914.92000000,0.00033000,3314658921,3314658921,1702224079361,False,True
857,2783516671,43915.00000000,0.00427000,3314658922,3314658922,1702224079397,False,True
858,2783516672,43914.99000000,0.00057000,3314658923,3314658924,1702224079428,True,True
859,2783516673,43915.00000000,0.00235000,3314658925,3314658926,1702224079430,False,True
860,2783516674,43915.02000000,0.00216000,3314658927,3314658927,1702224079430,False,True
861,2783516675,43915.20000000,0.00213000,3314658928,3314658928,1702224079430,False,True
862,2783516676,43915.36000000,0.00541000,3314658929,3314658929,1702224079430,False,True
863,2783516677,43915.52000000,0.00216000,3314658930,3314658930,1702224079430,False,True
864,2783516678,43915.61000000,0.00020000,3314658931,3314658931,1702224079430,False,True
865,2783516679,43915.68000000,0.00213000,3314658932,3314658932,1702224079430,False,True
866,2783516680,43916.02000000,0.00216000,3314658933,3314658933,1702224079608,False,True
867,2783516681,43916.16000000,0.00213000,3314658934,3314658934,1702224079608,False,True
868,2783516682,43916.19000000,0.00541000,3314658935,3314658935,1702224079608,False,True
869,2783516683,43916.52000000,0.00216000,3314658936,3314658936,1702224079608,False,True
870,2783516684,43916.64000000,0.00213000,3314658937,3314658937,1702224079608,False,True
871,2783516685,43917.02000000,0.00201000,3314658938,3314658938,1702224079931,False,True
872,2783516686,43917.02000000,0.00018000,3314658939,3314658939,1702224079938,False,True
873,2783516687,43917.02000000,0.00477000,3314658940,3314658941,1702224079955,False,True
874,2783516688,43917.02000000,0.00288000,3314658942,3314658943,1702224079979,False,True
875,2783516689,43917.02000000,0.00382000,3314658944,3314658944,1702224080048,False,True
876,2783516690,43917.02000000,0.00043000,3314658945,3314658945,1702224080053,False,True
877,2783516691,43917.11000000,0.00520000,3314658946,3314658946,1702224080060,True,True
878,2783516692,43917.12000000,0.00345000,3314658947,3314658947,1702224080256,False,True
879,2783516693,43917.12000000,0.00345000,3314658948,3314658948,1702224080280,False,True
880,2783516694,43917.12000000,0.00118000,3314658949,3314658949,1702224080321,False,True
881,2783516695,43917.12000000,0.10726000,3314658950,3314658951,1702224080323,False,True
882,2783516696,43917.21000000,0.00033000,3314658952,3314658952,1702224080323,False,True
883,2783516697,43917.36000000,0.02726000,3314658953,3314658953,1702224080323,False,True
884,2783516698,43917.52000000,0.00216000,3314658954,3314658954,1702224080323,False,True
885,2783516699,43917.60000000,0.00213000,3314658955,3314658955,1702224080323,False,True
886,2783516700,43917.84000000,0.09106000,3314658956,3314658956,1702224080327,False,True
887,2783516701,43917.85000000,0.00541000,3314658957,3314658957,1702224080327,False,True
888,2783516702,43918.02000000,0.00216000,3314658958,3314658958,1702224080327,False,True
889,2783516703,43918.08000000,0.00213000,3314658959,3314658959,1702224080327,False,True
890,2783516704,43918.52000000,0.00216000,3314658960,3314658960,1702224080327,False,True
891,2783516705,43918.56000000,0.00213000,3314658961,3314658961,1702224080327,False,True
892,2783516706,43918.68000000,0.00541000,3314658962,3314658962,1702224080327,False,True
893,2783516707,43919.02000000,0.00216000,3314658963,3314658963,1702224080331,False,True
894,2783516708,43919.04000000,0.00213000,3314658964,3314658964,1702224080331,False,True
895,2783516709,43919.51000000,0.00541000,3314658965,3314658965,1702224080331,False,True
896,2783516710,43919.52000000,0.00429000,3314658966,3314658967,1702224080331,False,True
897,2783516711,43920.00000000,0.24493000,3314658968,3314658971,1702224080340,False,True
898,2783516712,43920.00000000,0.00104000,3314658972,3314658972,1702224080349,False,True
899,2783516713,43920.00000000,0.27980000,3314658973,3314658973,1702224080357,False,True
900,2783516714,43920.00000000,0.00015000,3314658974,3314658974,1702224080394,False,True
901,2783516715,43919.99000000,0.00095000,3314658975,3314658975,1702224080405,True,True
902,2783516716,43920.00000000,0.00015000,3314658976,3314658976,1702224080440,False,True
903,2783516717,43920.00000000,0.28000000,3314658977,3314658977,1702224080444,False,True
904,2783516718,43920.00000000,0.24361000,3314658978,3314658979,1702224080481,False,True
905,2783516719,43920.02000000,0.00216000,3314658980,3314658980,1702224080481,False,True
906,2783516720,43920.26000000,0.00018000,3314658981,3314658981,1702224080481,False,True
907,2783516721,43920.34000000,0.00063000,3314658982,3314658982,1702224080514,False,True
908,2783516722,43920.34000000,0.00478000,3314658983,3314658983,1702224080518,False,True
909,2783516723,43920.48000000,0.00213000,3314658984,3314658984,1702224080518,False,True
910,2783516724,43920.52000000,0.00216000,3314658985,3314658985,1702224080518,False,True
911,2783516725,43920.96000000,0.00213000,3314658986,3314658986,1702224080518,False,True
912,2783516726,43921.02000000,0.00216000,3314658987,3314658987,1702224080518,False,True
913,2783516727,43921.10000000,0.00147000,3314658988,3314658988,1702224080531,False,True
914,2783516728,43921.09000000,0.00067000,3314658989,3314658989,1702224080600,True,True
915,2783516729,43921.10000000,0.01473000,3314658990,3314658990,1702224080691,False,True
916,2783516730,43921.09000000,0.00347000,3314658991,3314658991,1702224080824,True,True
917,2783516731,43921.09000000,0.00478000,3314658992,3314658992,1702224080929,True,True
918,2783516732,43921.10000000,0.00256000,3314658993,3314658993,1702224080968,False,True
919,2783516733,43921.10000000,0.00544000,3314658994,3314658994,1702224081068,False,True
920,2783516734,43921.09000000,0.17662000,3314658995,3314658996,1702224081327,True,True
921,2783516735,43921.10000000,0.00384000,3314658997,3314658997,1702224081364,False,True
922,2783516736,43921.10000000,0.00013000,3314658998,3314658998,1702224081550,False,True
923,2783516737,43921.09000000,0.00347000,3314658999,3314658999,1702224081673,True,True
924,2783516738,43921.10000000,0.00338000,3314659000,3314659000,1702224081700,False,True
925,2783516739,43921.10000000,0.00338000,3314659001,3314659001,1702224081708,False,True
926,2783516740,43921.10000000,0.00345000,3314659002,3314659002,1702224081882,False,True
927,2783516741,43921.09000000,0.00239000,3314659003,3314659003,1702224082030,True,True
928,2783516742,43921.09000000,0.02132000,3314659004,3314659004,1702224082100,True,True
929,2783516743,43921.10000000,0.00345000,3314659005,3314659005,1702224082563,False,True
930,2783516744,43921.10000000,0.01475000,3314659006,3314659006,1702224082694,False,True
931,2783516745,43921.10000000,0.00345000,3314659007,3314659007,1702224082699,False,True
932,2783516746,43921.10000000,0.10065000,3314659008,3314659010,1702224082752,False,True
933,2783516747,43921.17000000,0.00541000,3314659011,3314659011,1702224082752,False,True
934,2783516748,43921.44000000,0.00213000,3314659012,3314659012,1702224082752,False,True
935,2783516749,43921.52000000,0.00216000,3314659013,3314659013,1702224082752,False,True
936,2783516750,43921.54000000,0.08980000,3314659014,3314659014,1702224082752,False,True
937,2783516751,43921.54000000,0.00033000,3314659015,3314659015,1702224082752,False,True
938,2783516752,43921.54000000,0.00426000,3314659016,3314659016,1702224082755,False,True
939,2783516753,43921.54000000,0.00345000,3314659017,3314659017,1702224082817,False,True
940,2783516754,43921.54000000,0.00442000,3314659018,3314659018,1702224082935,False,True
941,2783516755,43921.54000000,0.00147000,3314659019,3314659019,1702224082949,False,True
942,2783516756,43921.54000000,0.00345000,3314659020,3314659020,1702224083027,False,True
943,2783516757,43921.54000000,0.00516000,3314659021,3314659021,1702224083030,False,True
944,2783516758,43921.54000000,0.00087000,3314659022,3314659022,1702224083051,False,True
945,2783516759,43921.92000000,0.00060000,3314659023,3314659023,1702224083051,False,True
946,2783516760,43921.91000000,0.00227000,3314659024,3314659024,1702224083158,True,True
947,2783516761,43921.92000000,0.00063000,3314659025,3314659025,1702224083176,False,True
948,2783516762,43921.92000000,0.01726000,3314659026,3314659027,1702224083209,False,True
949,2783516763,43921.92000000,0.08399000,3314659028,3314659029,1702224083253,False,True
950,2783516764,43921.92000000,0.01740000,3314659030,3314659030,1702224083275,False,True
951,2783516765,43922.02000000,0.00216000,3314659031,3314659031,1702224083275,False,True
952,2783516766,43922.40000000,0.00213000,3314659032,3314659032,1702224083275,False,True
953,2783516767,43922.52000000,0.00216000,3314659033,3314659033,1702224083275,False,True
954,2783516768,43922.61000000,0.00018000,3314659034,3314659034,1702224083275,False,True
955,2783516769,43922.68000000,0.00283000,3314659035,3314659035,1702224083275,False,True
956,2783516770,43922.68000000,0.01739000,3314659036,3314659036,1702224083299,False,True
957,2783516771,43922.68000000,0.00286000,3314659037,3314659037,1702224083322,False,True
958,2783516772,43922.68000000,0.08398000,3314659038,3314659039,1702224083359,False,True
959,2783516773,43922.68000000,0.04525000,3314659040,3314659040,1702224083445,False,True
960,2783516774,43922.88000000,0.00213000,3314659041,3314659041,1702224083445,False,True
961,2783516775,43923.02000000,0.00216000,3314659042,3314659042,1702224083445,False,True
962,2783516776,43923.36000000,0.00213000,3314659043,3314659043,1702224083445,False,True
963,2783516777,43923.52000000,0.00216000,3314659044,3314659044,1702224083445,False,True
964,2783516778,43923.66000000,0.01082000,3314659045,3314659046,1702224083445,False,True
965,2783516779,43923.80000000,0.03200000,3314659047,3314659047,1702224083445,False,True
966,2783516780,43923.84000000,0.00213000,3314659048,3314659048,1702224083445,False,True
967,2783516781,43924.00000000,0.10970000,3314659049,3314659049,1702224083445,False,True
968,2783516782,43924.02000000,0.00216000,3314659050,3314659050,1702224083445,False,True
969,2783516783,43924.32000000,0.00213000,3314659051,3314659051,1702224083445,False,True
970,2783516784,43924.45000000,0.00930000,3314659052,3314659052,1702224083904,True,True
971,2783516785,43924.46000000,0.01135000,3314659053,3314659054,1702224083983,False,True
972,2783516786,43924.46000000,0.00147000,3314659055,3314659055,1702224083991,False,True
973,2783516787,43924.45000000,0.01235000,3314659056,3314659056,1702224084034,True,True
974,2783516788,43924.45000000,0.04455000,3314659057,3314659057,1702224084333,True,True
975,2783516789,43924.46000000,0.00147000,3314659058,3314659058,1702224084355,False,True
976,2783516790,43924.46000000,0.00042000,3314659059,3314659059,1702224084369,False,True
977,2783516791,43924.45000000,0.00045000,3314659060,3314659060,1702224084730,True,True
978,2783516792,43924.45000000,0.42871000,3314659061,3314659061,1702224085093,True,True
979,2783516793,43924.45000000,0.00093000,3314659062,3314659062,1702224085129,True,True
980,2783516794,43924.46000000,0.20010000,3314659063,3314659063,1702224085234,False,True
981,2783516795,43924.45000000,0.00114000,3314659064,3314659064,1702224085506,True,True
982,2783516796,43924.45000000,0.00256000,3314659065,3314659065,1702224085614,True,True
983,2783516797,43924.46000000,0.00052000,3314659066,3314659066,1702224085615,False,True
984,2783516798,43924.45000000,0.00352000,3314659067,3314659067,1702224085906,True,True
985,2783516799,43924.46000000,0.01134000,3314659068,3314659068,1702224085906,False,True
986,2783516800,43924.45000000,0.00114000,3314659069,3314659069,1702224085928,True,True
987,2783516801,43924.46000000,0.01176000,3314659070,3314659070,1702224085941,False,True
988,2783516802,43924.46000000,0.00054000,3314659071,3314659071,1702224085964,False,True
989,2783516803,43924.45000000,0.00044000,3314659072,3314659072,1702224086028,True,True
990,2783516804,43924.45000000,0.00056000,3314659073,3314659073,1702224086029,True,True
991,2783516805,43924.46000000,0.00941000,3314659074,3314659074,1702224086036,False,True
992,2783516806,43924.45000000,0.00036000,3314659075,3314659075,1702224086191,True,True
993,2783516807,43924.46000000,0.00184000,3314659076,3314659076,1702224086384,False,True
994,2783516808,43924.46000000,0.00416000,3314659077,3314659077,1702224086436,False,True
995,2783516809,43924.46000000,0.00375000,3314659078,3314659078,1702224086459,False,True
996,2783516810,43924.46000000,0.00341000,3314659079,3314659079,1702224086607,False,True
997,2783516811,43924.45000000,0.01167000,3314659080,3314659080,1702224086710,True,True
998,2783516812,43924.46000000,0.00079000,3314659081,3314659081,1702224086925,False,True
999,2783516813,43924.46000000,0.01320000,3314659082,3314659082,1702224087019,False,True
